<?xml version="1.0" encoding="ISO-8859-1"?>

<!DOCTYPE form SYSTEM 'http://www.iam.unibe.ch/~fki/iamdb/form-metadata.dtd'>

<form created="2002-01-15" height="3542" id="a01-053u" last-modified="2002-07-17" skew="223" status="final" version="3.0_beta" width="2479" writer-id="000">
  <machine-printed-part>
    <machine-print-line text="He said these concerned Mr. Weaver&apos;s alleged association with organisations black-" />
    <machine-print-line text="listed by the Government. Immediately Mr. Kennedy rushed a letter to Senator" />
    <machine-print-line text="Robertson saying the Federal Bureau of Investigation had reported on Mr. Weaver." />
    <machine-print-line text="He believed he would perform &amp;quot;outstanding service&amp;quot; in his post. Senator Robertson&apos;s" />
    <machine-print-line text="committee has to pass Mr. Weaver&apos;s nomination before it can be considered by the" />
    <machine-print-line text="full Senate." />
  </machine-printed-part>
  <handwritten-part>
    <line ass="-588" asx="0" asy="779" character-width="999" dss="-588" dsx="0" dsy="852" fd0="13168" fd1="2940" fd2="-289" filter-width="4" id="a01-053u-00" lbs="-597" lbx="0" lby="841" segmentation="ok" slant="99000" stroke-width="6975" threshold="171" text="He said these concerned Mr. Weaver&apos;s" ubs="-571" ubx="0" uby="812">
      <word id="a01-053u-00-00" sentence-start="yes" tag="PP3A" text="He">
        <cmp x="380" y="791" width="111" height="58" />
      </word>
      <word id="a01-053u-00-01" tag="VBD" text="said">
        <cmp x="576" y="818" width="36" height="28" />
        <cmp x="615" y="819" width="97" height="27" />
        <cmp x="678" y="791" width="18" height="18" />
        <cmp x="714" y="801" width="87" height="46" />
      </word>
      <word id="a01-053u-00-02" tag="DTS" text="these">
        <cmp x="863" y="808" width="226" height="51" />
      </word>
      <word id="a01-053u-00-03" tag="VBD" text="concerned">
        <cmp x="1152" y="828" width="28" height="33" />
        <cmp x="1177" y="833" width="79" height="26" />
        <cmp x="1259" y="828" width="109" height="39" />
        <cmp x="1374" y="826" width="97" height="34" />
        <cmp x="1468" y="815" width="79" height="42" />
      </word>
      <word id="a01-053u-00-04" tag="NPT" text="Mr.">
        <cmp x="1657" y="809" width="108" height="54" />
        <cmp x="1784" y="857" width="9" height="6" />
      </word>
      <word id="a01-053u-00-05" tag="NP$" text="Weaver&apos;s">
        <cmp x="1861" y="808" width="105" height="53" />
        <cmp x="1965" y="830" width="55" height="28" />
        <cmp x="2023" y="822" width="117" height="39" />
        <cmp x="2161" y="802" width="13" height="19" />
        <cmp x="2180" y="837" width="31" height="25" />
      </word>
      <lower-contour>
        <point x="378" y="867" />
        <point x="2212" y="867" />
      </lower-contour>
    </line>
    <line ass="-1" asx="0" asy="976" character-width="999" dss="-1" dsx="0" dsy="1062" fd0="13112" fd1="2752" fd2="-589" filter-width="5" id="a01-053u-01" lbs="18" lbx="0" lby="1035" segmentation="ok" slant="114999" stroke-width="7189" threshold="170" text="alleged association with organisations black-" ubs="-40" ubx="0" uby="1006">
      <word id="a01-053u-01-00" tag="JJ" text="alleged">
        <cmp x="362" y="985" width="245" height="65" />
        <cmp x="606" y="987" width="73" height="46" />
      </word>
      <word id="a01-053u-01-01" tag="NN" text="association">
        <cmp x="764" y="1000" width="119" height="35" />
        <cmp x="899" y="1003" width="47" height="32" />
        <cmp x="949" y="1008" width="72" height="30" />
        <cmp x="992" y="980" width="13" height="11" />
        <cmp x="1037" y="991" width="91" height="43" />
        <cmp x="1109" y="986" width="10" height="13" />
        <cmp x="1132" y="1005" width="80" height="27" />
      </word>
      <word id="a01-053u-01-02" tag="IN" text="with">
        <cmp x="1294" y="1003" width="57" height="32" />
        <cmp x="1357" y="978" width="14" height="15" />
        <cmp x="1363" y="1006" width="17" height="22" />
        <cmp x="1394" y="981" width="68" height="49" />
      </word>
      <word id="a01-053u-01-03" tag="NNS" text="organisations">
        <cmp x="1522" y="1011" width="81" height="33" />
        <cmp x="1613" y="1005" width="51" height="59" />
        <cmp x="1665" y="1008" width="119" height="28" />
        <cmp x="1754" y="978" width="13" height="11" />
        <cmp x="1789" y="992" width="124" height="42" />
        <cmp x="1897" y="982" width="11" height="18" />
        <cmp x="1918" y="1004" width="107" height="29" />
      </word>
      <word id="a01-053u-01-04" tag="VBN--" text="black-">
        <cmp x="2090" y="984" width="46" height="55" />
        <cmp x="2147" y="990" width="19" height="40" />
        <cmp x="2170" y="1006" width="41" height="27" />
        <cmp x="2219" y="1003" width="78" height="30" />
        <cmp x="2325" y="1014" width="27" height="8" />
      </word>
      <upper-contour>
        <point x="378" y="867" />
        <point x="2212" y="867" />
      </upper-contour>
      <lower-contour>
        <point x="360" y="1065" />
        <point x="2285" y="1065" />
      </lower-contour>
    </line>
    <line ass="-543" asx="0" asy="1144" character-width="999" dss="-543" dsx="0" dsy="1222" fd0="12969" fd1="2867" fd2="128" filter-width="4" id="a01-053u-02" lbs="-476" lbx="0" lby="1202" segmentation="ok" slant="108999" stroke-width="7118" threshold="170" text="listed by the Government. Immediately Mr." ubs="-677" ubx="0" uby="1173">
      <word id="a01-053u-02-00" tag="-VBN" text="listed">
        <cmp x="349" y="1161" width="51" height="44" />
        <cmp x="374" y="1164" width="15" height="10" />
        <cmp x="414" y="1162" width="167" height="48" />
      </word>
      <word id="a01-053u-02-01" tag="IN" text="by">
        <cmp x="639" y="1161" width="42" height="46" />
        <cmp x="694" y="1180" width="53" height="47" />
      </word>
      <word id="a01-053u-02-02" tag="ATI" text="the">
        <cmp x="797" y="1167" width="173" height="47" />
      </word>
      <word id="a01-053u-02-03" tag="NN" text="Government">
        <cmp x="1057" y="1166" width="49" height="50" />
        <cmp x="1109" y="1185" width="37" height="29" />
        <cmp x="1151" y="1176" width="84" height="38" />
        <cmp x="1245" y="1185" width="42" height="24" />
        <cmp x="1300" y="1170" width="208" height="47" />
      </word>
      <word id="a01-053u-02-04" tag="." text=".">
        <cmp x="1533" y="1214" width="10" height="7" />
      </word>
      <word id="a01-053u-02-05" sentence-start="yes" tag="RB" text="Immediately">
        <cmp x="1628" y="1191" width="193" height="27" />
        <cmp x="1819" y="1169" width="175" height="52" />
        <cmp x="1887" y="1162" width="8" height="13" />
        <cmp x="1997" y="1170" width="84" height="72" />
      </word>
      <word id="a01-053u-02-06" tag="NPT" text="Mr.">
        <cmp x="2153" y="1168" width="103" height="53" />
        <cmp x="2275" y="1212" width="9" height="10" />
      </word>
      <upper-contour>
        <point x="360" y="1065" />
        <point x="2285" y="1065" />
      </upper-contour>
      <lower-contour>
        <point x="347" y="1245" />
        <point x="2285" y="1245" />
      </lower-contour>
    </line>
    <line ass="26" asx="0" asy="1331" character-width="999" dss="26" dsx="0" dsy="1419" fd0="12623" fd1="2397" fd2="-836" filter-width="5" id="a01-053u-03" lbs="61" lbx="0" lby="1390" segmentation="ok" slant="103000" stroke-width="7261" threshold="170" text="Kennedy rushed a letter to Senator Robertson" ubs="-42" ubx="0" uby="1360">
      <word id="a01-053u-03-00" tag="NP" text="Kennedy">
        <cmp x="335" y="1334" width="232" height="59" />
        <cmp x="555" y="1331" width="114" height="88" />
      </word>
      <word id="a01-053u-03-01" tag="VBD" text="rushed">
        <cmp x="743" y="1363" width="37" height="27" />
        <cmp x="785" y="1368" width="81" height="33" />
        <cmp x="869" y="1350" width="146" height="41" />
      </word>
      <word id="a01-053u-03-02" tag="AT" text="a">
        <cmp x="1116" y="1366" width="54" height="29" />
      </word>
      <word id="a01-053u-03-03" tag="NN" text="letter">
        <cmp x="1215" y="1340" width="199" height="49" />
      </word>
      <word id="a01-053u-03-04" tag="IN" text="to">
        <cmp x="1493" y="1346" width="74" height="54" />
      </word>
      <word id="a01-053u-03-05" tag="NPT" text="Senator">
        <cmp x="1664" y="1342" width="145" height="54" />
        <cmp x="1810" y="1346" width="155" height="48" />
      </word>
      <word id="a01-053u-03-06" tag="NP" text="Robertson">
        <cmp x="2034" y="1331" width="206" height="63" />
        <cmp x="2232" y="1331" width="30" height="44" />
        <cmp x="2258" y="1354" width="107" height="38" />
      </word>
      <upper-contour>
        <point x="347" y="1245" />
        <point x="2285" y="1245" />
      </upper-contour>
      <lower-contour>
        <point x="333" y="1418" />
        <point x="2366" y="1418" />
      </lower-contour>
    </line>
    <line ass="638" asx="0" asy="1516" character-width="999" dss="638" dsx="0" dsy="1619" fd0="12670" fd1="2819" fd2="-424" filter-width="5" id="a01-053u-04" lbs="647" lbx="0" lby="1582" segmentation="ok" slant="102000" stroke-width="7321" threshold="167" text="saying the Federal Bureau of Investigation had" ubs="618" ubx="0" uby="1555">
      <word id="a01-053u-04-00" tag="VBG" text="saying">
        <cmp x="322" y="1537" width="34" height="36" />
        <cmp x="360" y="1542" width="111" height="55" />
        <cmp x="472" y="1550" width="77" height="23" />
        <cmp x="474" y="1512" width="21" height="13" />
        <cmp x="554" y="1542" width="49" height="55" />
      </word>
      <word id="a01-053u-04-01" tag="ATI" text="the">
        <cmp x="712" y="1519" width="155" height="53" />
      </word>
      <word id="a01-053u-04-02" tag="JJ" text="Federal">
        <cmp x="913" y="1505" width="77" height="11" />
        <cmp x="937" y="1523" width="216" height="51" />
        <cmp x="1155" y="1520" width="73" height="52" />
      </word>
      <word id="a01-053u-04-03" tag="NN" text="Bureau">
        <cmp x="1241" y="1504" width="85" height="64" />
        <cmp x="1330" y="1541" width="57" height="27" />
        <cmp x="1398" y="1536" width="48" height="39" />
        <cmp x="1446" y="1543" width="108" height="31" />
      </word>
      <word id="a01-053u-04-04" tag="INO" text="of">
        <cmp x="1613" y="1541" width="38" height="39" />
        <cmp x="1656" y="1514" width="32" height="66" />
      </word>
      <word id="a01-053u-04-05" tag="NN" text="Investigation">
        <cmp x="1743" y="1504" width="68" height="62" />
        <cmp x="1819" y="1532" width="97" height="42" />
        <cmp x="1919" y="1524" width="43" height="43" />
        <cmp x="1948" y="1517" width="8" height="15" />
        <cmp x="1970" y="1541" width="45" height="57" />
        <cmp x="2019" y="1522" width="86" height="46" />
        <cmp x="2092" y="1516" width="13" height="19" />
        <cmp x="2114" y="1542" width="85" height="21" />
      </word>
      <word id="a01-053u-04-06" tag="HVD" text="had">
        <cmp x="2232" y="1509" width="84" height="47" />
        <cmp x="2319" y="1510" width="54" height="42" />
      </word>
      <upper-contour>
        <point x="333" y="1418" />
        <point x="2366" y="1418" />
      </upper-contour>
      <lower-contour>
        <point x="330" y="1600" />
        <point x="2146" y="1600" />
      </lower-contour>
    </line>
    <line ass="126" asx="0" asy="1690" character-width="999" dss="126" dsx="0" dsy="1762" fd0="12506" fd1="2569" fd2="-511" filter-width="5" id="a01-053u-05" lbs="109" lbx="0" lby="1750" segmentation="ok" slant="102000" stroke-width="7229" threshold="169" text="reported on Mr. Weaver. He believed" ubs="160" ubx="0" uby="1719">
      <word id="a01-053u-05-00" tag="VBN" text="reported">
        <cmp x="332" y="1708" width="195" height="53" />
        <cmp x="517" y="1699" width="160" height="56" />
      </word>
      <word id="a01-053u-05-01" tag="IN" text="on">
        <cmp x="754" y="1727" width="82" height="34" />
      </word>
      <word id="a01-053u-05-02" tag="NPT" text="Mr.">
        <cmp x="965" y="1699" width="110" height="51" />
        <cmp x="1082" y="1742" width="8" height="7" />
      </word>
      <word id="a01-053u-05-03" tag="NP" text="Weaver">
        <cmp x="1192" y="1701" width="95" height="49" />
        <cmp x="1292" y="1713" width="96" height="35" />
        <cmp x="1392" y="1707" width="52" height="39" />
      </word>
      <word id="a01-053u-05-04" tag="." text=".">
        <cmp x="1461" y="1739" width="8" height="7" />
      </word>
      <word id="a01-053u-05-05" sentence-start="yes" tag="PP3A" text="He">
        <cmp x="1559" y="1694" width="127" height="58" />
      </word>
      <word id="a01-053u-05-06" tag="VBD" text="believed">
        <cmp x="1747" y="1695" width="113" height="54" />
        <cmp x="1865" y="1718" width="108" height="34" />
        <cmp x="1907" y="1687" width="11" height="8" />
        <cmp x="1982" y="1699" width="163" height="49" />
      </word>
      <upper-contour>
        <point x="330" y="1600" />
        <point x="2146" y="1600" />
      </upper-contour>
      <lower-contour>
        <point x="334" y="1760" />
        <point x="2146" y="1760" />
      </lower-contour>
    </line>
    <line ass="61" asx="0" asy="1860" character-width="999" dss="61" dsx="0" dsy="1950" fd0="13045" fd1="3032" fd2="-108" filter-width="5" id="a01-053u-06" lbs="59" lbx="0" lby="1926" segmentation="ok" slant="101000" stroke-width="7239" threshold="168" text="he would perform &amp;quot;outstanding service&amp;quot;" ubs="63" ubx="0" uby="1901">
      <word id="a01-053u-06-00" tag="PP3A" text="he">
        <cmp x="336" y="1874" width="115" height="48" />
      </word>
      <word id="a01-053u-06-01" tag="MD" text="would">
        <cmp x="495" y="1895" width="177" height="39" />
        <cmp x="666" y="1882" width="33" height="44" />
        <cmp x="700" y="1885" width="76" height="40" />
      </word>
      <word id="a01-053u-06-02" tag="VB" text="perform">
        <cmp x="866" y="1899" width="110" height="43" />
        <cmp x="995" y="1873" width="27" height="76" />
        <cmp x="1037" y="1902" width="78" height="27" />
        <cmp x="1127" y="1904" width="60" height="25" />
      </word>
      <word id="a01-053u-06-03" tag="*&apos;" text="&quot;">
        <cmp x="1272" y="1914" width="25" height="25" />
      </word>
      <word id="a01-053u-06-04" tag="JJ" text="outstanding">
        <cmp x="1318" y="1896" width="108" height="35" />
        <cmp x="1418" y="1870" width="38" height="56" />
        <cmp x="1478" y="1903" width="27" height="25" />
        <cmp x="1510" y="1873" width="29" height="46" />
        <cmp x="1547" y="1892" width="100" height="29" />
        <cmp x="1647" y="1859" width="147" height="58" />
        <cmp x="1711" y="1861" width="12" height="12" />
        <cmp x="1797" y="1894" width="52" height="54" />
      </word>
      <word id="a01-053u-06-05" tag="NN" text="service">
        <cmp x="1917" y="1895" width="98" height="38" />
        <cmp x="2028" y="1889" width="34" height="36" />
        <cmp x="2063" y="1867" width="10" height="13" />
        <cmp x="2065" y="1899" width="15" height="25" />
        <cmp x="2098" y="1893" width="91" height="38" />
      </word>
      <word id="a01-053u-06-06" tag="**&apos;" text="&quot;">
        <cmp x="2219" y="1862" width="28" height="20" />
      </word>
      <upper-contour>
        <point x="334" y="1760" />
        <point x="2146" y="1760" />
      </upper-contour>
      <lower-contour>
        <point x="334" y="1950" />
        <point x="2194" y="1950" />
      </lower-contour>
    </line>
    <line ass="205" asx="0" asy="2044" character-width="999" dss="205" dsx="0" dsy="2121" fd0="12831" fd1="2841" fd2="-66" filter-width="5" id="a01-053u-07" lbs="227" lbx="0" lby="2110" segmentation="ok" slant="108999" stroke-width="7284" threshold="169" text="in his post. Senator Robertson&apos;s committee" ubs="162" ubx="0" uby="2080">
      <word id="a01-053u-07-00" tag="IN" text="in">
        <cmp x="322" y="2053" width="9" height="9" />
        <cmp x="322" y="2091" width="54" height="22" />
      </word>
      <word id="a01-053u-07-01" tag="PP$" text="his">
        <cmp x="423" y="2057" width="106" height="56" />
        <cmp x="472" y="2052" width="11" height="13" />
      </word>
      <word id="a01-053u-07-02" tag="NN" text="post">
        <cmp x="605" y="2075" width="34" height="43" />
        <cmp x="645" y="2076" width="56" height="32" />
        <cmp x="707" y="2058" width="36" height="44" />
      </word>
      <word id="a01-053u-07-03" tag="." text=".">
        <cmp x="762" y="2106" width="9" height="9" />
      </word>
      <word id="a01-053u-07-04" sentence-start="yes" tag="NPT" text="Senator">
        <cmp x="881" y="2045" width="146" height="60" />
        <cmp x="1036" y="2060" width="91" height="47" />
        <cmp x="1131" y="2074" width="92" height="34" />
      </word>
      <word id="a01-053u-07-05" tag="NP$" text="Robertson&apos;s">
        <cmp x="1291" y="2038" width="78" height="62" />
        <cmp x="1377" y="2046" width="196" height="62" />
        <cmp x="1581" y="2078" width="75" height="31" />
        <cmp x="1667" y="2043" width="14" height="23" />
        <cmp x="1691" y="2080" width="27" height="29" />
      </word>
      <word id="a01-053u-07-06" tag="NN" text="committee">
        <cmp x="1792" y="2070" width="39" height="45" />
        <cmp x="1837" y="2074" width="196" height="34" />
        <cmp x="2016" y="2038" width="13" height="19" />
        <cmp x="2041" y="2048" width="152" height="65" />
      </word>
      <upper-contour>
        <point x="334" y="1950" />
        <point x="2194" y="1950" />
      </upper-contour>
      <lower-contour>
        <point x="320" y="2117" />
        <point x="2194" y="2117" />
      </lower-contour>
    </line>
    <line ass="-12" asx="0" asy="2222" character-width="999" dss="-12" dsx="0" dsy="2299" fd0="12671" fd1="2781" fd2="-88" filter-width="5" id="a01-053u-08" lbs="9" lbx="0" lby="2287" segmentation="ok" slant="96000" stroke-width="7305" threshold="168" text="has to pass Mr. Weaver&apos;s nomination before it" ubs="-58" ubx="0" uby="2260">
      <word id="a01-053u-08-00" tag="HVZ" text="has">
        <cmp x="312" y="2247" width="123" height="45" />
      </word>
      <word id="a01-053u-08-01" tag="TO" text="to">
        <cmp x="503" y="2238" width="37" height="44" />
        <cmp x="545" y="2252" width="37" height="35" />
      </word>
      <word id="a01-053u-08-02" tag="VB" text="pass">
        <cmp x="641" y="2258" width="34" height="38" />
        <cmp x="677" y="2257" width="127" height="29" />
      </word>
      <word id="a01-053u-08-03" tag="NPT" text="Mr.">
        <cmp x="915" y="2228" width="114" height="65" />
        <cmp x="1043" y="2283" width="9" height="8" />
      </word>
      <word id="a01-053u-08-04" tag="NP$" text="Weaver&apos;s">
        <cmp x="1103" y="2245" width="52" height="44" />
        <cmp x="1161" y="2251" width="175" height="38" />
        <cmp x="1334" y="2229" width="13" height="21" />
        <cmp x="1368" y="2261" width="31" height="22" />
      </word>
      <word id="a01-053u-08-05" tag="NN" text="nomination">
        <cmp x="1448" y="2266" width="33" height="24" />
        <cmp x="1487" y="2264" width="130" height="28" />
        <cmp x="1595" y="2233" width="12" height="16" />
        <cmp x="1625" y="2268" width="42" height="22" />
        <cmp x="1673" y="2236" width="87" height="49" />
        <cmp x="1767" y="2257" width="74" height="31" />
      </word>
      <word id="a01-053u-08-06" tag="CS" text="before">
        <cmp x="1894" y="2243" width="95" height="55" />
        <cmp x="1984" y="2223" width="181" height="78" />
      </word>
      <word id="a01-053u-08-07" tag="PP3" text="it">
        <cmp x="2201" y="2230" width="11" height="19" />
        <cmp x="2204" y="2262" width="11" height="20" />
        <cmp x="2236" y="2233" width="39" height="45" />
      </word>
      <upper-contour>
        <point x="320" y="2117" />
        <point x="2194" y="2117" />
      </upper-contour>
      <lower-contour>
        <point x="326" y="2303" />
        <point x="2191" y="2303" />
      </lower-contour>
    </line>
    <line ass="90" asx="0" asy="2412" character-width="999" dss="90" dsx="0" dsy="2493" fd0="12924" fd1="3022" fd2="-53" filter-width="4" id="a01-053u-09" lbs="79" lbx="0" lby="2467" segmentation="ok" slant="90000" stroke-width="7009" threshold="169" text="can be considered by the full Senate." ubs="114" ubx="0" uby="2439">
      <word id="a01-053u-09-00" tag="MD" text="can">
        <cmp x="328" y="2434" width="36" height="40" />
        <cmp x="372" y="2434" width="82" height="29" />
      </word>
      <word id="a01-053u-09-01" tag="BE" text="be">
        <cmp x="557" y="2416" width="52" height="52" />
        <cmp x="611" y="2429" width="59" height="36" />
      </word>
      <word id="a01-053u-09-02" tag="VBN" text="considered">
        <cmp x="747" y="2436" width="35" height="31" />
        <cmp x="801" y="2434" width="80" height="33" />
        <cmp x="892" y="2445" width="30" height="24" />
        <cmp x="926" y="2417" width="11" height="11" />
        <cmp x="933" y="2446" width="16" height="18" />
        <cmp x="962" y="2426" width="129" height="46" />
        <cmp x="1098" y="2431" width="38" height="40" />
        <cmp x="1148" y="2410" width="53" height="55" />
      </word>
      <word id="a01-053u-09-03" tag="IN" text="by">
        <cmp x="1287" y="2423" width="32" height="44" />
        <cmp x="1320" y="2443" width="46" height="48" />
      </word>
      <word id="a01-053u-09-04" tag="ATI" text="the">
        <cmp x="1410" y="2420" width="166" height="52" />
      </word>
      <word id="a01-053u-09-05" tag="JJ" text="full">
        <cmp x="1644" y="2410" width="79" height="67" />
        <cmp x="1734" y="2419" width="40" height="45" />
      </word>
      <word id="a01-053u-09-06" tag="NP" text="Senate">
        <cmp x="1875" y="2414" width="134" height="58" />
        <cmp x="2014" y="2418" width="145" height="47" />
      </word>
      <word id="a01-053u-09-07" tag="." text=".">
        <cmp x="2183" y="2463" width="8" height="7" />
      </word>
      <upper-contour>
        <point x="326" y="2303" />
        <point x="2191" y="2303" />
      </upper-contour>
    </line>
  </handwritten-part>
</form>

