<?xml version="1.0" encoding="ISO-8859-1"?>

<!DOCTYPE form SYSTEM 'http://www.iam.unibe.ch/~fki/iamdb/form-metadata.dtd'>

<form created="2002-01-14" height="3542" id="a01-011" last-modified="2002-07-17" skew="159" status="final" version="3.0_beta" width="2479" writer-id="005">
  <machine-printed-part>
    <machine-print-line text="Delegates from Mr. Kenneth Kaunda&apos;s United National Independence Party (280,000" />
    <machine-print-line text="members) and Mr. Harry Nkumbula&apos;s African National Congress (400,000) will meet" />
    <machine-print-line text="in London today to discuss a common course of action. Sir Roy is violently opposed to" />
    <machine-print-line text="Africans getting an elected majority in Northern Rhodesia, but the Colonial Secretary," />
    <machine-print-line text="Mr. Iain Macleod, is insisting on a policy of change." />
  </machine-printed-part>
  <handwritten-part>
    <line ass="271" asx="0" asy="723" character-width="999" dss="271" dsx="0" dsy="823" fd0="13096" fd1="2217" fd2="-1678" filter-width="4" id="a01-011-00" lbs="344" lbx="0" lby="797" segmentation="ok" slant="90000" stroke-width="6496" threshold="182" text="Delegates from Mr. Kenneth Kaunda&apos;s United National Independence" ubs="125" ubx="0" uby="756">
      <word id="a01-011-00-00" sentence-start="yes" tag="NNS" text="Delegates">
        <cmp x="317" y="727" width="230" height="84" />
      </word>
      <word id="a01-011-00-01" tag="IN" text="from">
        <cmp x="574" y="721" width="151" height="88" />
      </word>
      <word id="a01-011-00-02" tag="NPT" text="Mr.">
        <cmp x="752" y="731" width="68" height="62" />
        <cmp x="821" y="778" width="7" height="11" />
      </word>
      <word id="a01-011-00-03" tag="NP" text="Kenneth">
        <cmp x="844" y="719" width="183" height="74" />
      </word>
      <word id="a01-011-00-04" tag="NP$" text="Kaunda&apos;s">
        <cmp x="1052" y="726" width="195" height="65" />
        <cmp x="1250" y="737" width="8" height="24" />
        <cmp x="1262" y="756" width="18" height="28" />
      </word>
      <word id="a01-011-00-05" tag="JJ" text="United">
        <cmp x="1313" y="729" width="182" height="62" />
        <cmp x="1380" y="730" width="7" height="9" />
      </word>
      <word id="a01-011-00-06" tag="JJ" text="National">
        <cmp x="1514" y="728" width="266" height="62" />
        <cmp x="1623" y="735" width="8" height="11" />
      </word>
      <word id="a01-011-00-07" tag="NN" text="Independence">
        <cmp x="1803" y="725" width="340" height="90" />
      </word>
      <lower-contour>
        <point x="321" y="816" />
        <point x="2020" y="816" />
      </lower-contour>
    </line>
    <line ass="191" asx="0" asy="896" character-width="999" dss="191" dsx="0" dsy="1008" fd0="13066" fd1="2211" fd2="-2008" filter-width="4" id="a01-011-01" lbs="278" lbx="0" lby="975" segmentation="err" slant="90000" stroke-width="6058" threshold="182" text="Party (280,000 members) and Mr. Harry Nkumbula&apos;s African" ubs="17" ubx="0" uby="930">
      <word id="a01-011-01-00" tag="NN" text="Party">
        <cmp x="323" y="896" width="160" height="102" />
      </word>
      <word id="a01-011-01-01" tag="(" text="(">
        <cmp x="501" y="896" width="33" height="81" />
      </word>
      <word id="a01-011-01-02" tag="CD" text="280,000">
        <cmp x="540" y="913" width="38" height="52" />
        <cmp x="580" y="912" width="32" height="55" />
        <cmp x="611" y="914" width="34" height="52" />
        <cmp x="646" y="954" width="9" height="42" />
        <cmp x="662" y="910" width="89" height="55" />
      </word>
      <word id="a01-011-01-03" tag="NNS" text="members">
        <cmp x="776" y="916" width="227" height="60" />
        <cmp x="908" y="915" width="6" height="10" />
      </word>
      <word id="a01-011-01-04" tag=")" text=")">
        <cmp x="998" y="911" width="22" height="84" />
      </word>
      <word id="a01-011-01-05" tag="CC" text="and">
        <cmp x="1035" y="914" width="119" height="60" />
      </word>
      <word id="a01-011-01-06" tag="NPT" text="Mr.">
        <cmp x="1162" y="917" width="73" height="58" />
        <cmp x="1232" y="969" width="8" height="6" />
      </word>
      <word id="a01-011-01-07" tag="NP" text="Harry">
        <cmp x="1256" y="916" width="170" height="89" />
      </word>
      <word id="a01-011-01-08" tag="NP$" text="Nkumbula&apos;s">
        <cmp x="1449" y="903" width="297" height="68" />
        <cmp x="1683" y="913" width="4" height="8" />
        <cmp x="1744" y="916" width="5" height="10" />
        <cmp x="1755" y="929" width="25" height="29" />
        <cmp x="1818" y="900" width="201" height="70" />
      </word>
      <word id="a01-011-01-09" tag="JNP" text="African">
        <cmp x="1885" y="903" width="5" height="9" />
      </word>
      <upper-contour>
        <point x="321" y="816" />
        <point x="2020" y="816" />
      </upper-contour>
      <lower-contour>
        <point x="321" y="1005" />
        <point x="2020" y="1005" />
      </lower-contour>
    </line>
    <line ass="335" asx="0" asy="1083" character-width="999" dss="335" dsx="0" dsy="1191" fd0="13210" fd1="2304" fd2="-1513" filter-width="4" id="a01-011-02" lbs="406" lbx="0" lby="1157" segmentation="ok" slant="106000" stroke-width="6271" threshold="182" text="National Congress (400,000) will meet in London today" ubs="192" ubx="0" uby="1114">
      <word id="a01-011-02-00" tag="JJ" text="National">
        <cmp x="300" y="1081" width="301" height="87" />
        <cmp x="393" y="1097" width="10" height="8" />
      </word>
      <word id="a01-011-02-01" tag="NN" text="Congress">
        <cmp x="633" y="1095" width="252" height="81" />
      </word>
      <word id="a01-011-02-02" tag="(" text="(">
        <cmp x="905" y="1086" width="34" height="66" />
      </word>
      <word id="a01-011-02-03" tag="CD" text="400,000">
        <cmp x="940" y="1089" width="30" height="56" />
        <cmp x="972" y="1099" width="32" height="48" />
        <cmp x="1005" y="1098" width="31" height="44" />
        <cmp x="1045" y="1135" width="6" height="22" />
        <cmp x="1055" y="1105" width="32" height="44" />
        <cmp x="1087" y="1103" width="29" height="46" />
        <cmp x="1117" y="1102" width="32" height="45" />
      </word>
      <word id="a01-011-02-04" tag=")" text=")">
        <cmp x="1139" y="1081" width="36" height="71" />
      </word>
      <word id="a01-011-02-05" tag="MD" text="will">
        <cmp x="1191" y="1083" width="132" height="67" />
        <cmp x="1240" y="1091" width="13" height="9" />
      </word>
      <word id="a01-011-02-06" tag="VB" text="meet">
        <cmp x="1357" y="1080" width="153" height="68" />
      </word>
      <word id="a01-011-02-07" tag="IN" text="in">
        <cmp x="1548" y="1090" width="12" height="10" />
        <cmp x="1557" y="1108" width="71" height="39" />
      </word>
      <word id="a01-011-02-08" tag="NP" text="London">
        <cmp x="1675" y="1084" width="217" height="66" />
      </word>
      <word id="a01-011-02-09" tag="NR" text="today">
        <cmp x="1916" y="1077" width="184" height="104" />
      </word>
      <upper-contour>
        <point x="321" y="1005" />
        <point x="2020" y="1005" />
      </upper-contour>
      <lower-contour>
        <point x="301" y="1175" />
        <point x="2027" y="1175" />
      </lower-contour>
    </line>
    <line ass="-98" asx="0" asy="1250" character-width="999" dss="-98" dsx="0" dsy="1360" fd0="13194" fd1="2419" fd2="-1189" filter-width="4" id="a01-011-03" lbs="-269" lbx="0" lby="1321" segmentation="ok" slant="90000" stroke-width="6339" threshold="182" text="to discuss a common course of action. Sir Roy is" ubs="243" ubx="0" uby="1289">
      <word id="a01-011-03-00" tag="TO" text="to">
        <cmp x="303" y="1255" width="68" height="70" />
      </word>
      <word id="a01-011-03-01" tag="VB" text="discuss">
        <cmp x="405" y="1255" width="250" height="87" />
        <cmp x="414" y="1287" width="12" height="12" />
        <cmp x="452" y="1260" width="15" height="13" />
      </word>
      <word id="a01-011-03-02" tag="AT" text="a">
        <cmp x="686" y="1284" width="48" height="38" />
      </word>
      <word id="a01-011-03-03" tag="JJ" text="common">
        <cmp x="773" y="1272" width="256" height="55" />
      </word>
      <word id="a01-011-03-04" tag="NN" text="course">
        <cmp x="1073" y="1281" width="195" height="50" />
      </word>
      <word id="a01-011-03-05" tag="INO" text="of">
        <cmp x="1301" y="1253" width="65" height="76" />
      </word>
      <word id="a01-011-03-06" tag="NN" text="action">
        <cmp x="1407" y="1253" width="198" height="79" />
        <cmp x="1495" y="1259" width="7" height="12" />
      </word>
      <word id="a01-011-03-07" tag="." text=".">
        <cmp x="1611" y="1321" width="8" height="7" />
      </word>
      <word id="a01-011-03-08" sentence-start="yes" tag="NPT" text="Sir">
        <cmp x="1643" y="1257" width="125" height="71" />
        <cmp x="1691" y="1262" width="7" height="13" />
      </word>
      <word id="a01-011-03-09" tag="NP" text="Roy">
        <cmp x="1812" y="1254" width="135" height="111" />
      </word>
      <word id="a01-011-03-10" tag="BEZ" text="is">
        <cmp x="1978" y="1288" width="48" height="36" />
        <cmp x="1992" y="1257" width="6" height="8" />
      </word>
      <upper-contour>
        <point x="301" y="1175" />
        <point x="2027" y="1175" />
      </upper-contour>
      <lower-contour>
        <point x="302" y="1366" />
        <point x="2027" y="1366" />
      </lower-contour>
    </line>
    <line ass="-122" asx="0" asy="1430" character-width="999" dss="-122" dsx="0" dsy="1539" fd0="13122" fd1="2019" fd2="-1922" filter-width="4" id="a01-011-04" lbs="-135" lbx="0" lby="1509" segmentation="ok" slant="82000" stroke-width="6213" threshold="182" text="violently opposed to Africans getting an elected majority" ubs="-94" ubx="0" uby="1468">
      <word id="a01-011-04-00" tag="RB" text="violently">
        <cmp x="304" y="1435" width="268" height="94" />
        <cmp x="344" y="1448" width="9" height="15" />
      </word>
      <word id="a01-011-04-01" tag="VBN" text="opposed">
        <cmp x="617" y="1436" width="218" height="93" />
      </word>
      <word id="a01-011-04-02" tag="IN" text="to">
        <cmp x="851" y="1437" width="83" height="71" />
      </word>
      <word id="a01-011-04-03" tag="NNPS" text="Africans">
        <cmp x="961" y="1442" width="242" height="75" />
        <cmp x="1052" y="1447" width="10" height="11" />
      </word>
      <word id="a01-011-04-04" tag="VBG" text="getting">
        <cmp x="1234" y="1447" width="208" height="96" />
        <cmp x="1354" y="1451" width="7" height="11" />
      </word>
      <word id="a01-011-04-05" tag="AT" text="an">
        <cmp x="1468" y="1475" width="75" height="37" />
      </word>
      <word id="a01-011-04-06" tag="JJ" text="elected">
        <cmp x="1572" y="1444" width="171" height="66" />
      </word>
      <word id="a01-011-04-07" tag="NN" text="majority">
        <cmp x="1761" y="1435" width="268" height="98" />
        <cmp x="1847" y="1451" width="7" height="9" />
        <cmp x="1932" y="1446" width="8" height="14" />
      </word>
      <upper-contour>
        <point x="302" y="1366" />
        <point x="2027" y="1366" />
      </upper-contour>
      <lower-contour>
        <point x="302" y="1543" />
        <point x="1965" y="1543" />
      </lower-contour>
    </line>
    <line ass="-484" asx="0" asy="1607" character-width="999" dss="-484" dsx="0" dsy="1711" fd0="12460" fd1="2117" fd2="-1449" filter-width="4" id="a01-011-05" lbs="-476" lbx="0" lby="1682" segmentation="ok" slant="85000" stroke-width="6630" threshold="182" text="in Northern Rhodesia, but the Colonial Secretary," ubs="-501" ubx="0" uby="1644">
      <word id="a01-011-05-00" tag="IN" text="in">
        <cmp x="304" y="1647" width="63" height="45" />
        <cmp x="315" y="1615" width="7" height="9" />
      </word>
      <word id="a01-011-05-01" tag="NP" text="Northern">
        <cmp x="396" y="1622" width="249" height="68" />
      </word>
      <word id="a01-011-05-02" tag="NP" text="Rhodesia">
        <cmp x="685" y="1614" width="318" height="83" />
        <cmp x="911" y="1621" width="14" height="10" />
      </word>
      <word id="a01-011-05-03" tag="," text=",">
        <cmp x="1004" y="1684" width="12" height="36" />
      </word>
      <word id="a01-011-05-04" tag="CC" text="but">
        <cmp x="1028" y="1618" width="136" height="75" />
      </word>
      <word id="a01-011-05-05" tag="ATI" text="the">
        <cmp x="1184" y="1618" width="117" height="75" />
      </word>
      <word id="a01-011-05-06" tag="JJ" text="Colonial">
        <cmp x="1337" y="1627" width="251" height="76" />
        <cmp x="1510" y="1639" width="10" height="10" />
      </word>
      <word id="a01-011-05-07" tag="NPT" text="Secretary">
        <cmp x="1639" y="1633" width="306" height="87" />
      </word>
      <word id="a01-011-05-08" tag="," text=",">
        <cmp x="1955" y="1672" width="9" height="28" />
      </word>
      <upper-contour>
        <point x="302" y="1543" />
        <point x="1965" y="1543" />
      </upper-contour>
      <lower-contour>
        <point x="304" y="1721" />
        <point x="1965" y="1721" />
      </lower-contour>
    </line>
    <line ass="-466" asx="0" asy="1788" character-width="999" dss="-466" dsx="0" dsy="1894" fd0="13005" fd1="2383" fd2="-1050" filter-width="4" id="a01-011-06" lbs="-487" lbx="0" lby="1861" segmentation="ok" slant="90000" stroke-width="6573" threshold="182" text="Mr. Iain Macleod, is insisting on a policy of change." ubs="-425" ubx="0" uby="1824">
      <word id="a01-011-06-00" tag="NPT" text="Mr.">
        <cmp x="306" y="1794" width="71" height="66" />
        <cmp x="375" y="1852" width="6" height="9" />
      </word>
      <word id="a01-011-06-01" tag="NP" text="Iain">
        <cmp x="404" y="1807" width="134" height="70" />
        <cmp x="460" y="1807" width="10" height="17" />
      </word>
      <word id="a01-011-06-02" tag="NP" text="Macleod">
        <cmp x="578" y="1794" width="244" height="79" />
      </word>
      <word id="a01-011-06-03" tag="," text=",">
        <cmp x="825" y="1853" width="10" height="34" />
      </word>
      <word id="a01-011-06-04" tag="BEZ" text="is">
        <cmp x="855" y="1833" width="60" height="39" />
        <cmp x="861" y="1807" width="8" height="6" />
      </word>
      <word id="a01-011-06-05" tag="VBG" text="insisting">
        <cmp x="960" y="1815" width="291" height="90" />
        <cmp x="964" y="1812" width="11" height="12" />
        <cmp x="1073" y="1809" width="16" height="12" />
        <cmp x="1155" y="1818" width="7" height="5" />
      </word>
      <word id="a01-011-06-06" tag="IN" text="on">
        <cmp x="1289" y="1829" width="90" height="43" />
      </word>
      <word id="a01-011-06-07" tag="AT" text="a">
        <cmp x="1410" y="1833" width="55" height="42" />
      </word>
      <word id="a01-011-06-08" tag="NN" text="policy">
        <cmp x="1496" y="1806" width="203" height="100" />
        <cmp x="1588" y="1810" width="11" height="11" />
      </word>
      <word id="a01-011-06-09" tag="INO" text="of">
        <cmp x="1722" y="1807" width="66" height="68" />
      </word>
      <word id="a01-011-06-10" tag="NN" text="change">
        <cmp x="1825" y="1803" width="226" height="99" />
      </word>
      <word id="a01-011-06-11" tag="." text=".">
        <cmp x="2055" y="1854" width="14" height="11" />
      </word>
      <upper-contour>
        <point x="304" y="1721" />
        <point x="1965" y="1721" />
      </upper-contour>
    </line>
  </handwritten-part>
</form>

