<?xml version="1.0" encoding="ISO-8859-1"?>

<!DOCTYPE form SYSTEM 'http://www.iam.unibe.ch/~fki/iamdb/form-metadata.dtd'>

<form created="2002-01-15" height="3542" id="a01-091u" last-modified="2002-07-17" skew="255" status="final" version="3.0_beta" width="2479" writer-id="000">
  <machine-printed-part>
    <machine-print-line text="The result of the vote was not in doubt. For the Tories were massed in answer to their" />
    <machine-print-line text="whips to defeat a censure motion on the Government for &amp;quot;undermining the Health" />
    <machine-print-line text="Service&amp;quot; and placing heavy burdens on those least able to bear them. Mr. Brown" />
    <machine-print-line text="declared that the policy under censure was monstrous. It had offended many people" />
    <machine-print-line text="far beyond the ranks of Labour supporters." />
  </machine-printed-part>
  <handwritten-part>
    <line ass="386" asx="0" asy="758" character-width="999" dss="386" dsx="0" dsy="825" fd0="11902" fd1="3109" fd2="296" filter-width="5" id="a01-091u-00" lbs="431" lbx="0" lby="817" segmentation="ok" slant="107000" stroke-width="7382" threshold="169" text="The result of the vote was not in doubt." ubs="298" ubx="0" uby="790">
      <word id="a01-091u-00-00" sentence-start="yes" tag="ATI" text="The">
        <cmp x="381" y="764" width="137" height="56" />
      </word>
      <word id="a01-091u-00-01" tag="NN" text="result">
        <cmp x="612" y="785" width="93" height="34" />
        <cmp x="714" y="789" width="66" height="25" />
        <cmp x="771" y="760" width="64" height="52" />
      </word>
      <word id="a01-091u-00-02" tag="INO" text="of">
        <cmp x="912" y="758" width="74" height="62" />
      </word>
      <word id="a01-091u-00-03" tag="ATI" text="the">
        <cmp x="1034" y="765" width="30" height="46" />
        <cmp x="1062" y="773" width="106" height="37" />
      </word>
      <word id="a01-091u-00-04" tag="NN" text="vote">
        <cmp x="1230" y="758" width="167" height="51" />
      </word>
      <word id="a01-091u-00-05" tag="BEDZ" text="was">
        <cmp x="1454" y="775" width="135" height="35" />
      </word>
      <word id="a01-091u-00-06" tag="XNOT" text="not">
        <cmp x="1654" y="761" width="119" height="48" />
      </word>
      <word id="a01-091u-00-07" tag="IN" text="in">
        <cmp x="1813" y="747" width="9" height="7" />
        <cmp x="1828" y="781" width="66" height="17" />
      </word>
      <word id="a01-091u-00-08" tag="NN" text="doubt">
        <cmp x="1951" y="754" width="181" height="55" />
        <cmp x="2132" y="758" width="31" height="44" />
      </word>
      <word id="a01-091u-00-09" tag="." text=".">
        <cmp x="2187" y="793" width="9" height="8" />
      </word>
      <lower-contour>
        <point x="379" y="819" />
        <point x="2197" y="819" />
      </lower-contour>
    </line>
    <line ass="509" asx="0" asy="939" character-width="999" dss="509" dsx="0" dsy="1010" fd0="12840" fd1="2916" fd2="169" filter-width="4" id="a01-091u-01" lbs="503" lbx="0" lby="1000" segmentation="ok" slant="91000" stroke-width="7127" threshold="172" text="For the Tories were massed in answer to" ubs="522" ubx="0" uby="978">
      <word id="a01-091u-01-00" sentence-start="yes" tag="CS" text="For">
        <cmp x="347" y="936" width="60" height="63" />
        <cmp x="402" y="965" width="88" height="33" />
      </word>
      <word id="a01-091u-01-01" tag="ATI" text="the">
        <cmp x="585" y="939" width="146" height="60" />
      </word>
      <word id="a01-091u-01-02" tag="NNS" text="Tories">
        <cmp x="769" y="931" width="66" height="14" />
        <cmp x="804" y="947" width="14" height="40" />
        <cmp x="831" y="956" width="86" height="37" />
        <cmp x="930" y="966" width="86" height="34" />
        <cmp x="934" y="935" width="10" height="13" />
      </word>
      <word id="a01-091u-01-03" tag="BED" text="were">
        <cmp x="1090" y="958" width="181" height="44" />
      </word>
      <word id="a01-091u-01-04" tag="VBN" text="massed">
        <cmp x="1337" y="972" width="62" height="21" />
        <cmp x="1407" y="961" width="158" height="30" />
        <cmp x="1565" y="950" width="53" height="37" />
      </word>
      <word id="a01-091u-01-05" tag="IN" text="in">
        <cmp x="1683" y="931" width="13" height="11" />
        <cmp x="1699" y="965" width="71" height="21" />
      </word>
      <word id="a01-091u-01-06" tag="NN" text="answer">
        <cmp x="1839" y="957" width="93" height="25" />
        <cmp x="1934" y="957" width="33" height="25" />
        <cmp x="1978" y="948" width="132" height="40" />
      </word>
      <word id="a01-091u-01-07" tag="IN" text="to">
        <cmp x="2150" y="945" width="27" height="32" />
        <cmp x="2178" y="955" width="38" height="30" />
      </word>
      <upper-contour>
        <point x="379" y="819" />
        <point x="2197" y="819" />
      </upper-contour>
      <lower-contour>
        <point x="358" y="1002" />
        <point x="2208" y="1002" />
      </lower-contour>
    </line>
    <line ass="683" asx="0" asy="1126" character-width="999" dss="683" dsx="0" dsy="1195" fd0="12259" fd1="2884" fd2="76" filter-width="5" id="a01-091u-02" lbs="687" lbx="0" lby="1182" segmentation="ok" slant="108999" stroke-width="7413" threshold="170" text="their whips to defeat a censure motion" ubs="673" ubx="0" uby="1156">
      <word id="a01-091u-02-00" tag="PP$" text="their">
        <cmp x="360" y="1129" width="190" height="53" />
        <cmp x="454" y="1121" width="8" height="11" />
      </word>
      <word id="a01-091u-02-01" tag="NNS" text="whips">
        <cmp x="645" y="1144" width="61" height="36" />
        <cmp x="706" y="1136" width="53" height="38" />
        <cmp x="754" y="1131" width="10" height="9" />
        <cmp x="764" y="1159" width="19" height="18" />
        <cmp x="794" y="1155" width="37" height="31" />
        <cmp x="838" y="1152" width="25" height="20" />
      </word>
      <word id="a01-091u-02-02" tag="TO" text="to">
        <cmp x="943" y="1123" width="65" height="50" />
      </word>
      <word id="a01-091u-02-03" tag="VB" text="defeat">
        <cmp x="1115" y="1129" width="110" height="39" />
        <cmp x="1226" y="1115" width="78" height="56" />
        <cmp x="1305" y="1120" width="100" height="45" />
      </word>
      <word id="a01-091u-02-04" tag="AT" text="a">
        <cmp x="1478" y="1143" width="53" height="29" />
      </word>
      <word id="a01-091u-02-05" tag="NN" text="censure">
        <cmp x="1618" y="1132" width="134" height="35" />
        <cmp x="1766" y="1135" width="30" height="23" />
        <cmp x="1798" y="1126" width="126" height="40" />
      </word>
      <word id="a01-091u-02-06" tag="NN" text="motion">
        <cmp x="1966" y="1139" width="61" height="23" />
        <cmp x="2031" y="1116" width="86" height="46" />
        <cmp x="2099" y="1109" width="12" height="13" />
        <cmp x="2127" y="1130" width="80" height="28" />
      </word>
      <upper-contour>
        <point x="358" y="1002" />
        <point x="2208" y="1002" />
      </upper-contour>
      <lower-contour>
        <point x="358" y="1185" />
        <point x="2190" y="1185" />
      </lower-contour>
    </line>
    <line ass="662" asx="0" asy="1309" character-width="999" dss="662" dsx="0" dsy="1388" fd0="12804" fd1="3137" fd2="242" filter-width="5" id="a01-091u-03" lbs="675" lbx="0" lby="1361" segmentation="ok" slant="90000" stroke-width="7291" threshold="172" text="on the Government for &amp;quot;undermining the" ubs="637" ubx="0" uby="1339">
      <word id="a01-091u-03-00" tag="IN" text="on">
        <cmp x="352" y="1335" width="79" height="23" />
      </word>
      <word id="a01-091u-03-01" tag="ATI" text="the">
        <cmp x="500" y="1311" width="165" height="49" />
      </word>
      <word id="a01-091u-03-02" tag="NN" text="Government">
        <cmp x="771" y="1306" width="46" height="48" />
        <cmp x="820" y="1321" width="42" height="31" />
        <cmp x="870" y="1321" width="31" height="28" />
        <cmp x="908" y="1316" width="121" height="36" />
        <cmp x="1049" y="1326" width="107" height="33" />
        <cmp x="1159" y="1304" width="74" height="45" />
      </word>
      <word id="a01-091u-03-03" tag="IN" text="for">
        <cmp x="1329" y="1294" width="40" height="71" />
        <cmp x="1363" y="1318" width="82" height="30" />
      </word>
      <word id="a01-091u-03-04" tag="*&apos;" text="&quot;">
        <cmp x="1500" y="1345" width="26" height="23" />
      </word>
      <word id="a01-091u-03-05" tag="VBG" text="undermining">
        <cmp x="1545" y="1320" width="71" height="23" />
        <cmp x="1623" y="1302" width="100" height="41" />
        <cmp x="1736" y="1320" width="91" height="23" />
        <cmp x="1810" y="1291" width="10" height="10" />
        <cmp x="1848" y="1322" width="84" height="18" />
        <cmp x="1881" y="1295" width="12" height="9" />
        <cmp x="1938" y="1314" width="56" height="53" />
      </word>
      <word id="a01-091u-03-06" tag="ATI" text="the">
        <cmp x="2050" y="1291" width="38" height="40" />
        <cmp x="2086" y="1302" width="103" height="48" />
      </word>
      <upper-contour>
        <point x="358" y="1185" />
        <point x="2190" y="1185" />
      </upper-contour>
      <lower-contour>
        <point x="350" y="1370" />
        <point x="2190" y="1370" />
      </lower-contour>
    </line>
    <line ass="317" asx="0" asy="1470" character-width="999" dss="317" dsx="0" dsy="1556" fd0="12365" fd1="2722" fd2="-376" filter-width="5" id="a01-091u-04" lbs="323" lbx="0" lby="1529" segmentation="ok" slant="119000" stroke-width="7505" threshold="169" text="Health Service&amp;quot; and placing heavy burdens" ubs="304" ubx="0" uby="1504">
      <word id="a01-091u-04-00" tag="NN" text="Health">
        <cmp x="343" y="1496" width="160" height="38" />
        <cmp x="490" y="1482" width="118" height="46" />
      </word>
      <word id="a01-091u-04-01" tag="NN" text="Service">
        <cmp x="704" y="1482" width="111" height="56" />
        <cmp x="823" y="1501" width="33" height="35" />
        <cmp x="868" y="1482" width="16" height="14" />
        <cmp x="871" y="1507" width="18" height="26" />
        <cmp x="905" y="1496" width="107" height="41" />
      </word>
      <word id="a01-091u-04-02" tag="**&apos;" text="&quot;">
        <cmp x="1024" y="1466" width="23" height="19" />
      </word>
      <word id="a01-091u-04-03" tag="CC" text="and">
        <cmp x="1144" y="1493" width="87" height="25" />
        <cmp x="1245" y="1482" width="72" height="37" />
      </word>
      <word id="a01-091u-04-04" tag="VBG" text="placing">
        <cmp x="1414" y="1498" width="35" height="35" />
        <cmp x="1466" y="1486" width="21" height="32" />
        <cmp x="1496" y="1494" width="49" height="29" />
        <cmp x="1550" y="1488" width="62" height="37" />
        <cmp x="1595" y="1466" width="9" height="15" />
        <cmp x="1618" y="1499" width="36" height="22" />
        <cmp x="1660" y="1493" width="54" height="54" />
      </word>
      <word id="a01-091u-04-05" tag="JJ" text="heavy">
        <cmp x="1789" y="1476" width="74" height="38" />
        <cmp x="1865" y="1486" width="50" height="30" />
        <cmp x="1917" y="1486" width="35" height="32" />
        <cmp x="1963" y="1493" width="56" height="47" />
      </word>
      <word id="a01-091u-04-06" tag="NNS" text="burdens">
        <cmp x="2075" y="1475" width="44" height="47" />
        <cmp x="2120" y="1493" width="59" height="29" />
        <cmp x="2181" y="1485" width="105" height="36" />
        <cmp x="2293" y="1495" width="30" height="23" />
      </word>
      <upper-contour>
        <point x="350" y="1370" />
        <point x="2190" y="1370" />
      </upper-contour>
      <lower-contour>
        <point x="362" y="1549" />
        <point x="2145" y="1549" />
      </lower-contour>
    </line>
    <line ass="755" asx="0" asy="1668" character-width="999" dss="755" dsx="0" dsy="1739" fd0="12359" fd1="3377" fd2="308" filter-width="5" id="a01-091u-05" lbs="758" lbx="0" lby="1724" segmentation="ok" slant="95000" stroke-width="7348" threshold="169" text="on those least able to bear them. Mr." ubs="747" ubx="0" uby="1695">
      <word id="a01-091u-05-00" tag="IN" text="on">
        <cmp x="364" y="1693" width="88" height="31" />
      </word>
      <word id="a01-091u-05-01" tag="DTS" text="those">
        <cmp x="516" y="1670" width="34" height="44" />
        <cmp x="548" y="1682" width="174" height="37" />
      </word>
      <word id="a01-091u-05-02" tag="QL" text="least">
        <cmp x="794" y="1666" width="62" height="50" />
        <cmp x="856" y="1687" width="80" height="33" />
        <cmp x="936" y="1669" width="32" height="40" />
      </word>
      <word id="a01-091u-05-03" tag="JJ" text="able">
        <cmp x="1075" y="1653" width="91" height="56" />
        <cmp x="1169" y="1664" width="83" height="46" />
      </word>
      <word id="a01-091u-05-04" tag="TO" text="to">
        <cmp x="1278" y="1656" width="64" height="51" />
      </word>
      <word id="a01-091u-05-05" tag="VB" text="bear">
        <cmp x="1430" y="1660" width="170" height="48" />
      </word>
      <word id="a01-091u-05-06" tag="PP3OS" text="them">
        <cmp x="1672" y="1648" width="173" height="47" />
      </word>
      <word id="a01-091u-05-07" tag="." text=".">
        <cmp x="1877" y="1694" width="9" height="10" />
      </word>
      <word id="a01-091u-05-08" sentence-start="yes" tag="NPT" text="Mr.">
        <cmp x="2004" y="1654" width="50" height="54" />
        <cmp x="2054" y="1675" width="49" height="29" />
        <cmp x="2133" y="1701" width="11" height="10" />
      </word>
      <upper-contour>
        <point x="362" y="1549" />
        <point x="2145" y="1549" />
      </upper-contour>
      <lower-contour>
        <point x="362" y="1723" />
        <point x="2061" y="1723" />
      </lower-contour>
    </line>
    <line ass="743" asx="0" asy="1845" character-width="999" dss="743" dsx="0" dsy="1929" fd0="12557" fd1="2637" fd2="-389" filter-width="5" id="a01-091u-06" lbs="762" lbx="0" lby="1899" segmentation="ok" slant="113000" stroke-width="7476" threshold="168" text="Brown declared that the policy under" ubs="705" ubx="0" uby="1869">
      <word id="a01-091u-06-00" tag="NP" text="Brown">
        <cmp x="319" y="1841" width="66" height="52" />
        <cmp x="389" y="1864" width="20" height="25" />
        <cmp x="409" y="1867" width="93" height="32" />
        <cmp x="508" y="1873" width="40" height="25" />
      </word>
      <word id="a01-091u-06-01" tag="VBD" text="declared">
        <cmp x="640" y="1860" width="96" height="35" />
        <cmp x="737" y="1865" width="40" height="28" />
        <cmp x="778" y="1851" width="88" height="41" />
        <cmp x="867" y="1854" width="85" height="33" />
        <cmp x="948" y="1845" width="59" height="36" />
      </word>
      <word id="a01-091u-06-02" tag="CS" text="that">
        <cmp x="1109" y="1839" width="32" height="40" />
        <cmp x="1142" y="1841" width="144" height="43" />
      </word>
      <word id="a01-091u-06-03" tag="ATI" text="the">
        <cmp x="1391" y="1841" width="130" height="45" />
      </word>
      <word id="a01-091u-06-04" tag="NN" text="policy">
        <cmp x="1589" y="1853" width="69" height="39" />
        <cmp x="1663" y="1846" width="49" height="32" />
        <cmp x="1682" y="1831" width="14" height="11" />
        <cmp x="1719" y="1852" width="87" height="56" />
      </word>
      <word id="a01-091u-06-05" tag="IN" text="under">
        <cmp x="1853" y="1855" width="72" height="19" />
        <cmp x="1935" y="1839" width="125" height="40" />
      </word>
      <upper-contour>
        <point x="362" y="1723" />
        <point x="2061" y="1723" />
      </upper-contour>
      <lower-contour>
        <point x="331" y="1911" />
        <point x="2061" y="1911" />
      </lower-contour>
    </line>
    <line ass="583" asx="0" asy="2022" character-width="999" dss="583" dsx="0" dsy="2104" fd0="12364" fd1="2827" fd2="-153" filter-width="5" id="a01-091u-07" lbs="586" lbx="0" lby="2074" segmentation="ok" slant="95000" stroke-width="7445" threshold="170" text="censure was monstrous. It had offended" ubs="578" ubx="0" uby="2048">
      <word id="a01-091u-07-00" tag="NN" text="censure">
        <cmp x="333" y="2041" width="129" height="38" />
        <cmp x="474" y="2047" width="30" height="27" />
        <cmp x="514" y="2031" width="135" height="36" />
      </word>
      <word id="a01-091u-07-01" tag="BEDZ" text="was">
        <cmp x="694" y="2035" width="55" height="31" />
        <cmp x="752" y="2039" width="113" height="31" />
      </word>
      <word id="a01-091u-07-02" tag="JJ" text="monstrous">
        <cmp x="938" y="2041" width="60" height="26" />
        <cmp x="997" y="2042" width="34" height="26" />
        <cmp x="1038" y="2041" width="44" height="23" />
        <cmp x="1085" y="2037" width="29" height="27" />
        <cmp x="1119" y="2011" width="42" height="48" />
        <cmp x="1168" y="2033" width="41" height="34" />
        <cmp x="1211" y="2030" width="93" height="32" />
      </word>
      <word id="a01-091u-07-03" tag="." text=".">
        <cmp x="1326" y="2053" width="9" height="7" />
      </word>
      <word id="a01-091u-07-04" sentence-start="yes" tag="PP3" text="It">
        <cmp x="1424" y="2013" width="17" height="43" />
        <cmp x="1447" y="2016" width="35" height="40" />
      </word>
      <word id="a01-091u-07-05" tag="HVD" text="had">
        <cmp x="1526" y="2023" width="32" height="35" />
        <cmp x="1559" y="2016" width="99" height="42" />
      </word>
      <word id="a01-091u-07-06" tag="VBN" text="offended">
        <cmp x="1734" y="2010" width="192" height="78" />
        <cmp x="1931" y="2027" width="102" height="31" />
        <cmp x="2035" y="2019" width="53" height="41" />
      </word>
      <upper-contour>
        <point x="331" y="1911" />
        <point x="2061" y="1911" />
      </upper-contour>
      <lower-contour>
        <point x="347" y="2090" />
        <point x="2031" y="2090" />
      </lower-contour>
    </line>
    <line ass="605" asx="0" asy="2200" character-width="999" dss="605" dsx="0" dsy="2293" fd0="12762" fd1="2917" fd2="-146" filter-width="5" id="a01-091u-08" lbs="626" lbx="0" lby="2259" segmentation="ok" slant="102000" stroke-width="7399" threshold="169" text="many people far beyond the ranks of" ubs="563" ubx="0" uby="2232">
      <word id="a01-091u-08-00" tag="AP" text="many">
        <cmp x="349" y="2232" width="195" height="55" />
      </word>
      <word id="a01-091u-08-01" tag="NNS" text="people">
        <cmp x="590" y="2222" width="31" height="41" />
        <cmp x="626" y="2220" width="32" height="31" />
        <cmp x="657" y="2223" width="43" height="30" />
        <cmp x="709" y="2223" width="34" height="31" />
        <cmp x="749" y="2211" width="98" height="44" />
      </word>
      <word id="a01-091u-08-02" tag="RB" text="far">
        <cmp x="949" y="2191" width="31" height="60" />
        <cmp x="983" y="2214" width="108" height="29" />
      </word>
      <word id="a01-091u-08-03" tag="IN" text="beyond">
        <cmp x="1166" y="2203" width="46" height="49" />
        <cmp x="1213" y="2218" width="44" height="28" />
        <cmp x="1257" y="2220" width="27" height="19" />
        <cmp x="1274" y="2222" width="47" height="54" />
        <cmp x="1313" y="2219" width="82" height="30" />
        <cmp x="1405" y="2208" width="60" height="39" />
      </word>
      <word id="a01-091u-08-04" tag="ATI" text="the">
        <cmp x="1543" y="2202" width="144" height="42" />
      </word>
      <word id="a01-091u-08-05" tag="NNS" text="ranks">
        <cmp x="1747" y="2218" width="24" height="27" />
        <cmp x="1774" y="2219" width="81" height="20" />
        <cmp x="1867" y="2198" width="37" height="43" />
      </word>
      <word id="a01-091u-08-06" tag="INO" text="of">
        <cmp x="1948" y="2213" width="36" height="29" />
        <cmp x="1989" y="2182" width="41" height="61" />
      </word>
      <upper-contour>
        <point x="347" y="2090" />
        <point x="2031" y="2090" />
      </upper-contour>
      <lower-contour>
        <point x="347" y="2286" />
        <point x="1098" y="2286" />
      </lower-contour>
    </line>
    <line ass="710" asx="0" asy="2387" character-width="999" dss="710" dsx="0" dsy="2443" fd0="13302" fd1="3015" fd2="-375" filter-width="5" id="a01-091u-09" lbs="715" lbx="0" lby="2435" segmentation="ok" slant="101000" stroke-width="7247" threshold="169" text="Labour supporters." ubs="699" ubx="0" uby="2406">
      <word id="a01-091u-09-00" tag="NN" text="Labour">
        <cmp x="348" y="2385" width="29" height="49" />
        <cmp x="379" y="2384" width="224" height="50" />
      </word>
      <word id="a01-091u-09-01" tag="NNS" text="supporters">
        <cmp x="674" y="2404" width="31" height="28" />
        <cmp x="708" y="2406" width="49" height="23" />
        <cmp x="768" y="2403" width="36" height="29" />
        <cmp x="809" y="2397" width="40" height="37" />
        <cmp x="856" y="2395" width="82" height="31" />
        <cmp x="940" y="2376" width="115" height="52" />
      </word>
      <word id="a01-091u-09-02" tag="." text=".">
        <cmp x="1087" y="2417" width="10" height="9" />
      </word>
      <upper-contour>
        <point x="347" y="2286" />
        <point x="1098" y="2286" />
      </upper-contour>
    </line>
  </handwritten-part>
</form>

