<?xml version="1.0" encoding="ISO-8859-1"?>

<!DOCTYPE form SYSTEM 'http://www.iam.unibe.ch/~fki/iamdb/form-metadata.dtd'>

<form created="2002-01-14" height="3542" id="a01-003u" last-modified="2002-07-17" skew="223" status="final" version="3.0_beta" width="2479" writer-id="000">
  <machine-printed-part>
    <machine-print-line text="Though they may gather some Left-wing support, a large majority of Labour M Ps" />
    <machine-print-line text="are likely to turn down the Foot-Griffiths resolution. Mr. Foot&apos;s line will be that as" />
    <machine-print-line text="Labour M Ps opposed the Government Bill which brought life peers into existence," />
    <machine-print-line text="they should not now put forward nominees. He believes that the House of Lords" />
    <machine-print-line text="should be abolished and that Labour should not take any steps which would appear" />
    <machine-print-line text="to &amp;quot;prop up&amp;quot; an out-dated institution." />
  </machine-printed-part>
  <handwritten-part>
    <line ass="450" asx="0" asy="815" character-width="999" dss="450" dsx="0" dsy="923" fd0="12500" fd1="2819" fd2="-208" filter-width="5" id="a01-003u-00" lbs="612" lbx="0" lby="882" segmentation="ok" slant="108999" stroke-width="7551" threshold="159" text="Though they may gather some Left-wing" ubs="125" ubx="0" uby="843">
      <word id="a01-003u-00-00" sentence-start="yes" tag="CS" text="Though">
        <cmp x="357" y="822" width="211" height="52" />
        <cmp x="569" y="823" width="98" height="79" />
      </word>
      <word id="a01-003u-00-01" tag="PP3AS" text="they">
        <cmp x="732" y="824" width="162" height="75" />
      </word>
      <word id="a01-003u-00-02" tag="MD" text="may">
        <cmp x="930" y="846" width="76" height="28" />
        <cmp x="1006" y="838" width="136" height="62" />
      </word>
      <word id="a01-003u-00-03" tag="VB" text="gather">
        <cmp x="1178" y="841" width="74" height="63" />
        <cmp x="1250" y="839" width="46" height="31" />
        <cmp x="1293" y="823" width="173" height="45" />
      </word>
      <word id="a01-003u-00-04" tag="DTI" text="some">
        <cmp x="1511" y="836" width="30" height="26" />
        <cmp x="1542" y="829" width="193" height="39" />
      </word>
      <word id="a01-003u-00-05" tag="JJB" text="Left-wing">
        <cmp x="1833" y="824" width="36" height="48" />
        <cmp x="1869" y="832" width="56" height="39" />
        <cmp x="1925" y="800" width="73" height="82" />
        <cmp x="2039" y="835" width="24" height="7" />
        <cmp x="2087" y="833" width="62" height="35" />
        <cmp x="2157" y="838" width="73" height="22" />
        <cmp x="2166" y="800" width="13" height="12" />
        <cmp x="2235" y="834" width="60" height="72" />
      </word>
      <lower-contour>
        <point x="364" y="905" />
        <point x="2204" y="905" />
      </lower-contour>
    </line>
    <line ass="956" asx="0" asy="1002" character-width="999" dss="956" dsx="0" dsy="1103" fd0="12588" fd1="2838" fd2="-208" filter-width="5" id="a01-003u-01" lbs="1002" lbx="0" lby="1074" segmentation="ok" slant="101000" stroke-width="7455" threshold="161" text="support, a large majority of Labour" ubs="864" ubx="0" uby="1042">
      <word id="a01-003u-01-00" tag="NN" text="support">
        <cmp x="366" y="1029" width="32" height="33" />
        <cmp x="401" y="1032" width="48" height="26" />
        <cmp x="453" y="1025" width="40" height="48" />
        <cmp x="500" y="1027" width="140" height="43" />
        <cmp x="647" y="992" width="33" height="60" />
      </word>
      <word id="a01-003u-01-01" tag="," text=",">
        <cmp x="711" y="1044" width="14" height="35" />
      </word>
      <word id="a01-003u-01-02" tag="AT" text="a">
        <cmp x="822" y="1024" width="57" height="29" />
      </word>
      <word id="a01-003u-01-03" tag="JJ" text="large">
        <cmp x="945" y="1006" width="24" height="55" />
        <cmp x="971" y="1017" width="89" height="40" />
        <cmp x="1070" y="1014" width="137" height="63" />
      </word>
      <word id="a01-003u-01-04" tag="NN" text="majority">
        <cmp x="1263" y="1024" width="63" height="26" />
        <cmp x="1336" y="1020" width="49" height="30" />
        <cmp x="1391" y="1015" width="36" height="61" />
        <cmp x="1404" y="986" width="8" height="10" />
        <cmp x="1423" y="1012" width="44" height="35" />
        <cmp x="1479" y="1015" width="57" height="30" />
        <cmp x="1520" y="987" width="10" height="16" />
        <cmp x="1550" y="992" width="97" height="86" />
      </word>
      <word id="a01-003u-01-05" tag="INO" text="of">
        <cmp x="1695" y="1006" width="47" height="31" />
        <cmp x="1752" y="976" width="34" height="84" />
      </word>
      <word id="a01-003u-01-06" tag="NN" text="Labour">
        <cmp x="1897" y="987" width="22" height="53" />
        <cmp x="1931" y="985" width="111" height="55" />
        <cmp x="2043" y="1007" width="160" height="31" />
      </word>
      <upper-contour>
        <point x="364" y="905" />
        <point x="2204" y="905" />
      </upper-contour>
      <lower-contour>
        <point x="364" y="1079" />
        <point x="2204" y="1079" />
      </lower-contour>
    </line>
    <line ass="647" asx="0" asy="1179" character-width="999" dss="647" dsx="0" dsy="1270" fd0="12389" fd1="3132" fd2="553" filter-width="5" id="a01-003u-02" lbs="716" lbx="0" lby="1241" segmentation="ok" slant="98000" stroke-width="7338" threshold="161" text="M Ps are likely to turn down the Foot-" ubs="507" ubx="0" uby="1208">
      <word id="a01-003u-02-00" tag="NPTS" text="M Ps">
        <cmp x="356" y="1189" width="61" height="63" />
        <cmp x="415" y="1174" width="63" height="58" />
        <cmp x="505" y="1212" width="32" height="26" />
      </word>
      <word id="a01-003u-02-01" tag="BER" text="are">
        <cmp x="613" y="1190" width="137" height="47" />
      </word>
      <word id="a01-003u-02-02" tag="JJ" text="likely">
        <cmp x="811" y="1186" width="46" height="41" />
        <cmp x="840" y="1172" width="9" height="14" />
        <cmp x="867" y="1191" width="104" height="38" />
        <cmp x="969" y="1192" width="93" height="66" />
      </word>
      <word id="a01-003u-02-03" tag="TO" text="to">
        <cmp x="1084" y="1185" width="31" height="47" />
        <cmp x="1121" y="1204" width="36" height="25" />
      </word>
      <word id="a01-003u-02-04" tag="VB" text="turn">
        <cmp x="1218" y="1180" width="141" height="48" />
        <cmp x="1370" y="1198" width="44" height="31" />
      </word>
      <word id="a01-003u-02-05" tag="RP" text="down">
        <cmp x="1480" y="1180" width="100" height="41" />
        <cmp x="1592" y="1193" width="63" height="29" />
        <cmp x="1665" y="1195" width="47" height="35" />
      </word>
      <word id="a01-003u-02-06" tag="ATI" text="the">
        <cmp x="1795" y="1178" width="166" height="49" />
      </word>
      <word id="a01-003u-02-07" tag="NP--" text="Foot-">
        <cmp x="1995" y="1162" width="80" height="10" />
        <cmp x="2030" y="1174" width="47" height="46" />
        <cmp x="2082" y="1191" width="81" height="31" />
        <cmp x="2163" y="1172" width="29" height="45" />
        <cmp x="2232" y="1197" width="32" height="9" />
      </word>
      <upper-contour>
        <point x="364" y="1079" />
        <point x="2204" y="1079" />
      </upper-contour>
      <lower-contour>
        <point x="354" y="1259" />
        <point x="2217" y="1259" />
      </lower-contour>
    </line>
    <line ass="306" asx="0" asy="1332" character-width="999" dss="306" dsx="0" dsy="1423" fd0="12155" fd1="3050" fd2="92" filter-width="5" id="a01-003u-03" lbs="178" lbx="0" lby="1404" segmentation="err" slant="98000" stroke-width="7471" threshold="162" text="Griffiths resolution. Mr. Foot&apos;s line will" ubs="561" ubx="0" uby="1386">
      <word id="a01-003u-03-00" tag="-NP" text="Griffiths">
        <cmp x="348" y="1365" width="58" height="55" />
        <cmp x="398" y="1388" width="53" height="24" />
        <cmp x="442" y="1355" width="9" height="15" />
        <cmp x="473" y="1352" width="32" height="68" />
        <cmp x="509" y="1353" width="61" height="53" />
        <cmp x="563" y="1345" width="9" height="19" />
        <cmp x="584" y="1360" width="126" height="46" />
      </word>
      <word id="a01-003u-03-01" tag="NN" text="resolution">
        <cmp x="789" y="1374" width="110" height="35" />
        <cmp x="900" y="1382" width="54" height="31" />
        <cmp x="964" y="1358" width="223" height="51" />
        <cmp x="1078" y="1351" width="10" height="18" />
      </word>
      <word id="a01-003u-03-02" tag="." text=".">
        <cmp x="1220" y="1399" width="9" height="9" />
      </word>
      <word id="a01-003u-03-03" sentence-start="yes" tag="NPT" text="Mr.">
        <cmp x="1314" y="1354" width="97" height="61" />
        <cmp x="1425" y="1389" width="8" height="11" />
      </word>
      <word id="a01-003u-03-04" tag="NP$" text="Foot&apos;s">
        <cmp x="1501" y="1329" width="71" height="15" />
        <cmp x="1524" y="1348" width="48" height="44" />
        <cmp x="1580" y="1339" width="158" height="63" />
        <cmp x="1705" y="1324" width="10" height="25" />
        <cmp x="1817" y="1350" width="187" height="46" />
      </word>
      <word id="a01-003u-03-05" tag="NN" text="line">
        <cmp x="1874" y="1327" width="9" height="12" />
      </word>
      <word id="a01-003u-03-06" tag="MD" text="will">
        <cmp x="2072" y="1364" width="46" height="38" />
        <cmp x="2136" y="1340" width="9" height="12" />
        <cmp x="2138" y="1371" width="18" height="28" />
        <cmp x="2176" y="1342" width="40" height="62" />
      </word>
      <upper-contour>
        <point x="354" y="1259" />
        <point x="2217" y="1259" />
      </upper-contour>
      <lower-contour>
        <point x="349" y="1419" />
        <point x="2217" y="1419" />
      </lower-contour>
    </line>
    <line ass="240" asx="0" asy="1520" character-width="999" dss="240" dsx="0" dsy="1625" fd0="11873" fd1="2488" fd2="-266" filter-width="5" id="a01-003u-04" lbs="395" lbx="0" lby="1592" segmentation="ok" slant="89000" stroke-width="7573" threshold="161" text="be that as Labour M Ps opposed the" ubs="-68" ubx="0" uby="1550">
      <word id="a01-003u-04-00" tag="BE" text="be">
        <cmp x="351" y="1538" width="100" height="60" />
      </word>
      <word id="a01-003u-04-01" tag="CS" text="that">
        <cmp x="488" y="1531" width="34" height="59" />
        <cmp x="526" y="1535" width="138" height="48" />
      </word>
      <word id="a01-003u-04-02" tag="CS" text="as">
        <cmp x="710" y="1547" width="110" height="41" />
      </word>
      <word id="a01-003u-04-03" tag="NN" text="Labour">
        <cmp x="913" y="1528" width="41" height="58" />
        <cmp x="957" y="1528" width="268" height="59" />
      </word>
      <word id="a01-003u-04-04" tag="NPTS" text="M Ps">
        <cmp x="1324" y="1526" width="62" height="64" />
        <cmp x="1384" y="1515" width="77" height="72" />
        <cmp x="1497" y="1561" width="32" height="26" />
      </word>
      <word id="a01-003u-04-05" tag="VBD" text="opposed">
        <cmp x="1612" y="1553" width="47" height="41" />
        <cmp x="1667" y="1549" width="29" height="69" />
        <cmp x="1701" y="1522" width="253" height="83" />
      </word>
      <word id="a01-003u-04-06" tag="ATI" text="the">
        <cmp x="2040" y="1522" width="180" height="57" />
      </word>
      <upper-contour>
        <point x="349" y="1419" />
        <point x="2217" y="1419" />
      </upper-contour>
      <lower-contour>
        <point x="349" y="1619" />
        <point x="2221" y="1619" />
      </lower-contour>
    </line>
    <line ass="240" asx="0" asy="1700" character-width="999" dss="240" dsx="0" dsy="1802" fd0="12104" fd1="2781" fd2="-550" filter-width="5" id="a01-003u-05" lbs="206" lbx="0" lby="1766" segmentation="ok" slant="116000" stroke-width="7477" threshold="163" text="Government Bill which brought life peers" ubs="307" ubx="0" uby="1740">
      <word id="a01-003u-05-00" tag="NN" text="Government">
        <cmp x="335" y="1716" width="54" height="58" />
        <cmp x="391" y="1741" width="48" height="30" />
        <cmp x="452" y="1733" width="30" height="36" />
        <cmp x="488" y="1729" width="80" height="40" />
        <cmp x="582" y="1734" width="42" height="36" />
        <cmp x="628" y="1718" width="222" height="51" />
      </word>
      <word id="a01-003u-05-01" tag="NN" text="Bill">
        <cmp x="889" y="1707" width="106" height="66" />
        <cmp x="997" y="1708" width="14" height="13" />
        <cmp x="1004" y="1744" width="14" height="24" />
        <cmp x="1029" y="1719" width="39" height="50" />
      </word>
      <word id="a01-003u-05-02" tag="WDT" text="which">
        <cmp x="1131" y="1725" width="63" height="42" />
        <cmp x="1196" y="1720" width="92" height="45" />
        <cmp x="1248" y="1703" width="18" height="19" />
        <cmp x="1297" y="1726" width="110" height="39" />
      </word>
      <word id="a01-003u-05-03" tag="VBD" text="brought">
        <cmp x="1479" y="1707" width="40" height="57" />
        <cmp x="1525" y="1725" width="24" height="35" />
        <cmp x="1552" y="1726" width="49" height="35" />
        <cmp x="1608" y="1729" width="51" height="34" />
        <cmp x="1661" y="1701" width="149" height="96" />
      </word>
      <word id="a01-003u-05-04" tag="NN" text="life">
        <cmp x="1882" y="1710" width="47" height="42" />
        <cmp x="1923" y="1693" width="8" height="10" />
        <cmp x="1944" y="1697" width="107" height="68" />
      </word>
      <word id="a01-003u-05-05" tag="NNS" text="peers">
        <cmp x="2099" y="1718" width="201" height="51" />
        <cmp x="2298" y="1734" width="37" height="30" />
      </word>
      <upper-contour>
        <point x="349" y="1619" />
        <point x="2221" y="1619" />
      </upper-contour>
      <lower-contour>
        <point x="333" y="1798" />
        <point x="2319" y="1798" />
      </lower-contour>
    </line>
    <line ass="321" asx="0" asy="1881" character-width="999" dss="321" dsx="0" dsy="1985" fd0="12348" fd1="2873" fd2="203" filter-width="5" id="a01-003u-06" lbs="291" lbx="0" lby="1946" segmentation="ok" slant="111000" stroke-width="7566" threshold="163" text="into existence, they should not now put" ubs="381" ubx="0" uby="1919">
      <word id="a01-003u-06-00" tag="IN" text="into">
        <cmp x="322" y="1880" width="7" height="14" />
        <cmp x="337" y="1922" width="79" height="23" />
        <cmp x="408" y="1893" width="34" height="54" />
        <cmp x="455" y="1915" width="43" height="31" />
      </word>
      <word id="a01-003u-06-01" tag="NN" text="existence">
        <cmp x="579" y="1915" width="44" height="35" />
        <cmp x="628" y="1913" width="70" height="31" />
        <cmp x="688" y="1891" width="12" height="15" />
        <cmp x="716" y="1893" width="177" height="57" />
        <cmp x="902" y="1912" width="104" height="37" />
      </word>
      <word id="a01-003u-06-02" tag="," text=",">
        <cmp x="1034" y="1949" width="12" height="31" />
      </word>
      <word id="a01-003u-06-03" tag="PP3AS" text="they">
        <cmp x="1133" y="1889" width="206" height="87" />
      </word>
      <word id="a01-003u-06-04" tag="MD" text="should">
        <cmp x="1375" y="1909" width="39" height="28" />
        <cmp x="1419" y="1878" width="185" height="66" />
        <cmp x="1603" y="1890" width="21" height="50" />
        <cmp x="1629" y="1889" width="69" height="46" />
      </word>
      <word id="a01-003u-06-05" tag="XNOT" text="not">
        <cmp x="1756" y="1912" width="40" height="26" />
        <cmp x="1799" y="1878" width="81" height="56" />
      </word>
      <word id="a01-003u-06-06" tag="RN" text="now">
        <cmp x="1964" y="1907" width="33" height="25" />
        <cmp x="2003" y="1899" width="122" height="36" />
      </word>
      <word id="a01-003u-06-07" tag="VB" text="put">
        <cmp x="2162" y="1888" width="155" height="69" />
      </word>
      <upper-contour>
        <point x="333" y="1798" />
        <point x="2319" y="1798" />
      </upper-contour>
      <lower-contour>
        <point x="362" y="1980" />
        <point x="2319" y="1980" />
      </lower-contour>
    </line>
    <line ass="832" asx="0" asy="2068" character-width="999" dss="832" dsx="0" dsy="2153" fd0="12204" fd1="2810" fd2="-232" filter-width="5" id="a01-003u-07" lbs="766" lbx="0" lby="2136" segmentation="ok" slant="102000" stroke-width="7410" threshold="165" text="forward nominees. He believes that the" ubs="963" ubx="0" uby="2109">
      <word id="a01-003u-07-00" tag="RB" text="forward">
        <cmp x="364" y="2075" width="25" height="71" />
        <cmp x="402" y="2101" width="91" height="30" />
        <cmp x="500" y="2096" width="143" height="38" />
        <cmp x="645" y="2083" width="62" height="40" />
      </word>
      <word id="a01-003u-07-01" tag="NNS" text="nominees">
        <cmp x="780" y="2091" width="211" height="35" />
        <cmp x="961" y="2067" width="11" height="17" />
        <cmp x="995" y="2082" width="213" height="43" />
      </word>
      <word id="a01-003u-07-02" tag="." text=".">
        <cmp x="1231" y="2112" width="10" height="10" />
      </word>
      <word id="a01-003u-07-03" sentence-start="yes" tag="PP3A" text="He">
        <cmp x="1327" y="2071" width="118" height="54" />
      </word>
      <word id="a01-003u-07-04" tag="VBZ" text="believes">
        <cmp x="1519" y="2082" width="98" height="42" />
        <cmp x="1626" y="2072" width="116" height="39" />
        <cmp x="1667" y="2045" width="13" height="10" />
        <cmp x="1744" y="2073" width="36" height="35" />
        <cmp x="1787" y="2075" width="92" height="41" />
      </word>
      <word id="a01-003u-07-05" tag="CS" text="that">
        <cmp x="1923" y="2057" width="33" height="53" />
        <cmp x="1955" y="2063" width="53" height="47" />
        <cmp x="2005" y="2058" width="97" height="52" />
      </word>
      <word id="a01-003u-07-06" tag="ATI" text="the">
        <cmp x="2167" y="2056" width="26" height="51" />
        <cmp x="2207" y="2055" width="113" height="62" />
      </word>
      <upper-contour>
        <point x="362" y="1980" />
        <point x="2319" y="1980" />
      </upper-contour>
      <lower-contour>
        <point x="362" y="2145" />
        <point x="2321" y="2145" />
      </lower-contour>
    </line>
    <line ass="520" asx="0" asy="2243" character-width="999" dss="520" dsx="0" dsy="2321" fd0="12092" fd1="2568" fd2="-396" filter-width="5" id="a01-003u-08" lbs="514" lbx="0" lby="2311" segmentation="ok" slant="114000" stroke-width="7561" threshold="164" text="House of Lords should be abolished and" ubs="530" ubx="0" uby="2283">
      <word id="a01-003u-08-00" tag="NPL" text="House">
        <cmp x="357" y="2258" width="48" height="49" />
        <cmp x="410" y="2275" width="209" height="31" />
      </word>
      <word id="a01-003u-08-01" tag="INO" text="of">
        <cmp x="654" y="2276" width="40" height="34" />
        <cmp x="699" y="2237" width="43" height="77" />
      </word>
      <word id="a01-003u-08-02" tag="NPTS" text="Lords">
        <cmp x="810" y="2253" width="224" height="53" />
      </word>
      <word id="a01-003u-08-03" tag="MD" text="should">
        <cmp x="1116" y="2273" width="39" height="36" />
        <cmp x="1163" y="2254" width="101" height="50" />
        <cmp x="1272" y="2268" width="64" height="31" />
        <cmp x="1329" y="2248" width="37" height="46" />
        <cmp x="1366" y="2250" width="79" height="43" />
      </word>
      <word id="a01-003u-08-04" tag="BE" text="be">
        <cmp x="1502" y="2258" width="118" height="44" />
      </word>
      <word id="a01-003u-08-05" tag="VBN" text="abolished">
        <cmp x="1659" y="2246" width="167" height="52" />
        <cmp x="1834" y="2251" width="64" height="48" />
        <cmp x="1872" y="2233" width="14" height="16" />
        <cmp x="1901" y="2273" width="35" height="26" />
        <cmp x="1939" y="2254" width="85" height="41" />
        <cmp x="2026" y="2233" width="75" height="61" />
      </word>
      <word id="a01-003u-08-06" tag="CC" text="and">
        <cmp x="2148" y="2262" width="91" height="29" />
        <cmp x="2249" y="2251" width="74" height="44" />
      </word>
      <upper-contour>
        <point x="362" y="2145" />
        <point x="2321" y="2145" />
      </upper-contour>
      <lower-contour>
        <point x="355" y="2313" />
        <point x="2304" y="2313" />
      </lower-contour>
    </line>
    <line ass="647" asx="0" asy="2434" character-width="999" dss="647" dsx="0" dsy="2523" fd0="12090" fd1="2668" fd2="-232" filter-width="5" id="a01-003u-09" lbs="668" lbx="0" lby="2492" segmentation="ok" slant="110000" stroke-width="7612" threshold="165" text="that Labour should not take any steps" ubs="603" ubx="0" uby="2459">
      <word id="a01-003u-09-00" tag="CS" text="that">
        <cmp x="356" y="2448" width="83" height="47" />
        <cmp x="437" y="2439" width="95" height="49" />
      </word>
      <word id="a01-003u-09-01" tag="NN" text="Labour">
        <cmp x="616" y="2436" width="41" height="49" />
        <cmp x="663" y="2438" width="309" height="52" />
      </word>
      <word id="a01-003u-09-02" tag="MD" text="should">
        <cmp x="1045" y="2453" width="32" height="26" />
        <cmp x="1083" y="2432" width="50" height="47" />
        <cmp x="1137" y="2445" width="125" height="30" />
        <cmp x="1248" y="2427" width="36" height="50" />
        <cmp x="1293" y="2430" width="61" height="50" />
      </word>
      <word id="a01-003u-09-03" tag="XNOT" text="not">
        <cmp x="1441" y="2449" width="48" height="31" />
        <cmp x="1491" y="2416" width="83" height="59" />
      </word>
      <word id="a01-003u-09-04" tag="VB" text="take">
        <cmp x="1647" y="2424" width="94" height="47" />
        <cmp x="1744" y="2419" width="111" height="59" />
      </word>
      <word id="a01-003u-09-05" tag="DTI" text="any">
        <cmp x="1900" y="2445" width="153" height="56" />
      </word>
      <word id="a01-003u-09-06" tag="NNS" text="steps">
        <cmp x="2091" y="2410" width="127" height="63" />
        <cmp x="2225" y="2435" width="35" height="44" />
        <cmp x="2266" y="2443" width="37" height="22" />
      </word>
      <upper-contour>
        <point x="355" y="2313" />
        <point x="2304" y="2313" />
      </upper-contour>
      <lower-contour>
        <point x="354" y="2504" />
        <point x="2304" y="2504" />
      </lower-contour>
    </line>
    <line ass="426" asx="0" asy="2586" character-width="999" dss="426" dsx="0" dsy="2690" fd0="12651" fd1="3026" fd2="51" filter-width="5" id="a01-003u-10" lbs="462" lbx="0" lby="2669" segmentation="ok" slant="101000" stroke-width="7530" threshold="165" text="which would appear to &amp;quot;prop up&amp;quot; an out-" ubs="355" ubx="0" uby="2638">
      <word id="a01-003u-10-00" tag="WDT" text="which">
        <cmp x="353" y="2632" width="61" height="48" />
        <cmp x="431" y="2621" width="82" height="42" />
        <cmp x="481" y="2605" width="18" height="15" />
        <cmp x="520" y="2624" width="97" height="36" />
      </word>
      <word id="a01-003u-10-01" tag="MD" text="would">
        <cmp x="675" y="2629" width="61" height="37" />
        <cmp x="740" y="2629" width="127" height="35" />
        <cmp x="859" y="2616" width="40" height="49" />
        <cmp x="900" y="2620" width="74" height="42" />
      </word>
      <word id="a01-003u-10-02" tag="VB" text="appear">
        <cmp x="1026" y="2634" width="51" height="31" />
        <cmp x="1083" y="2625" width="45" height="53" />
        <cmp x="1136" y="2617" width="229" height="53" />
      </word>
      <word id="a01-003u-10-03" tag="TO" text="to">
        <cmp x="1418" y="2602" width="25" height="54" />
        <cmp x="1449" y="2622" width="52" height="33" />
      </word>
      <word id="a01-003u-10-04" tag="*&apos;" text="&quot;">
        <cmp x="1558" y="2635" width="25" height="25" />
      </word>
      <word id="a01-003u-10-05" tag="VB" text="prop">
        <cmp x="1616" y="2618" width="39" height="60" />
        <cmp x="1662" y="2618" width="23" height="32" />
        <cmp x="1689" y="2616" width="49" height="37" />
        <cmp x="1739" y="2617" width="34" height="43" />
      </word>
      <word id="a01-003u-10-06" tag="RP" text="up">
        <cmp x="1830" y="2628" width="50" height="29" />
        <cmp x="1881" y="2616" width="44" height="47" />
      </word>
      <word id="a01-003u-10-07" tag="**&apos;" text="&quot;">
        <cmp x="1961" y="2573" width="29" height="24" />
      </word>
      <word id="a01-003u-10-08" tag="AT" text="an">
        <cmp x="2031" y="2623" width="102" height="31" />
      </word>
      <word id="a01-003u-10-09" tag="JJ--" text="out-">
        <cmp x="2191" y="2597" width="133" height="57" />
        <cmp x="2355" y="2633" width="23" height="14" />
      </word>
      <upper-contour>
        <point x="354" y="2504" />
        <point x="2304" y="2504" />
      </upper-contour>
    </line>
  </handwritten-part>
</form>

