<?xml version="1.0" encoding="ISO-8859-1"?>

<!DOCTYPE form SYSTEM 'http://www.iam.unibe.ch/~fki/iamdb/form-metadata.dtd'>

<form created="2002-01-15" height="3542" id="a01-132u" last-modified="2002-07-17" skew="223" status="final" version="3.0_beta" width="2479" writer-id="000">
  <machine-printed-part>
    <machine-print-line text="&amp;quot;That cannot continue without either development being limited or an adjustment" />
    <machine-print-line text="being made in financing.&amp;quot; The Government decided to adjust the financing - which" />
    <machine-print-line text="Mr. Powell claimed was underpinning - not undermining - the service. Answering" />
    <machine-print-line text="the attack on &amp;quot;economic charges&amp;quot; for welfare foods, Mr. Powell said that all these" />
    <machine-print-line text="foods would still be free in families receiving regular National Assistance grants." />
  </machine-printed-part>
  <handwritten-part>
    <line ass="39" asx="0" asy="744" character-width="999" dss="39" dsx="0" dsy="813" fd0="11957" fd1="2620" fd2="-385" filter-width="5" id="a01-132u-00" lbs="59" lbx="0" lby="802" segmentation="ok" slant="104000" stroke-width="7589" threshold="175" text="&amp;quot;That cannot continue without either development" ubs="0" ubx="0" uby="773">
      <word id="a01-132u-00-00" sentence-start="yes" tag="*&apos;" text="&quot;">
        <cmp x="370" y="792" width="27" height="19" />
      </word>
      <word id="a01-132u-00-01" tag="DT" text="That">
        <cmp x="430" y="744" width="174" height="56" />
      </word>
      <word id="a01-132u-00-02" tag="MDX" text="cannot">
        <cmp x="670" y="768" width="154" height="33" />
        <cmp x="824" y="755" width="81" height="52" />
      </word>
      <word id="a01-132u-00-03" tag="VB" text="continue">
        <cmp x="978" y="766" width="62" height="39" />
        <cmp x="1045" y="755" width="93" height="47" />
        <cmp x="1124" y="752" width="14" height="13" />
        <cmp x="1151" y="770" width="132" height="40" />
      </word>
      <word id="a01-132u-00-04" tag="IN" text="without">
        <cmp x="1338" y="777" width="52" height="33" />
        <cmp x="1387" y="754" width="16" height="16" />
        <cmp x="1398" y="776" width="19" height="24" />
        <cmp x="1415" y="753" width="79" height="52" />
        <cmp x="1495" y="757" width="120" height="48" />
      </word>
      <word id="a01-132u-00-05" tag="DTX" text="either">
        <cmp x="1701" y="772" width="66" height="31" />
        <cmp x="1737" y="744" width="12" height="14" />
        <cmp x="1770" y="756" width="126" height="51" />
      </word>
      <word id="a01-132u-00-06" tag="NN" text="development">
        <cmp x="1972" y="765" width="101" height="38" />
        <cmp x="2072" y="763" width="80" height="39" />
        <cmp x="2152" y="752" width="45" height="48" />
        <cmp x="2211" y="770" width="34" height="37" />
        <cmp x="2254" y="749" width="139" height="46" />
      </word>
      <lower-contour>
        <point x="368" y="810" />
        <point x="2287" y="810" />
      </lower-contour>
    </line>
    <line ass="216" asx="0" asy="926" character-width="999" dss="216" dsx="0" dsy="1014" fd0="12974" fd1="2894" fd2="-75" filter-width="5" id="a01-132u-01" lbs="233" lbx="0" lby="987" segmentation="ok" slant="116000" stroke-width="7511" threshold="179" text="being limited or an adjustment being made" ubs="183" ubx="0" uby="961">
      <word id="a01-132u-01-00" tag="BEG" text="being">
        <cmp x="360" y="948" width="143" height="37" />
        <cmp x="438" y="927" width="12" height="12" />
        <cmp x="509" y="952" width="54" height="58" />
      </word>
      <word id="a01-132u-01-01" tag="VBN" text="limited">
        <cmp x="610" y="954" width="56" height="39" />
        <cmp x="633" y="946" width="15" height="14" />
        <cmp x="670" y="966" width="99" height="20" />
        <cmp x="743" y="928" width="12" height="14" />
        <cmp x="771" y="940" width="78" height="43" />
        <cmp x="842" y="938" width="75" height="50" />
      </word>
      <word id="a01-132u-01-02" tag="CC" text="or">
        <cmp x="966" y="957" width="80" height="34" />
      </word>
      <word id="a01-132u-01-03" tag="AT" text="an">
        <cmp x="1091" y="953" width="92" height="29" />
      </word>
      <word id="a01-132u-01-04" tag="NN" text="adjustment">
        <cmp x="1279" y="957" width="43" height="25" />
        <cmp x="1329" y="946" width="50" height="34" />
        <cmp x="1377" y="960" width="48" height="49" />
        <cmp x="1392" y="934" width="9" height="13" />
        <cmp x="1413" y="937" width="108" height="52" />
        <cmp x="1528" y="942" width="184" height="41" />
      </word>
      <word id="a01-132u-01-05" tag="BEG" text="being">
        <cmp x="1802" y="937" width="101" height="49" />
        <cmp x="1905" y="955" width="65" height="21" />
        <cmp x="1909" y="920" width="11" height="14" />
        <cmp x="1983" y="946" width="49" height="57" />
      </word>
      <word id="a01-132u-01-06" tag="VBN" text="made">
        <cmp x="2075" y="951" width="60" height="22" />
        <cmp x="2137" y="950" width="38" height="25" />
        <cmp x="2181" y="941" width="105" height="48" />
      </word>
      <upper-contour>
        <point x="368" y="810" />
        <point x="2287" y="810" />
      </upper-contour>
      <lower-contour>
        <point x="358" y="1009" />
        <point x="2217" y="1009" />
      </lower-contour>
    </line>
    <line ass="226" asx="0" asy="1103" character-width="999" dss="226" dsx="0" dsy="1200" fd0="12633" fd1="2944" fd2="159" filter-width="5" id="a01-132u-02" lbs="182" lbx="0" lby="1164" segmentation="ok" slant="98000" stroke-width="7275" threshold="178" text="in financing.&amp;quot; The Government decided to" ubs="312" ubx="0" uby="1143">
      <word id="a01-132u-02-00" tag="IN" text="in">
        <cmp x="352" y="1105" width="10" height="14" />
        <cmp x="354" y="1146" width="76" height="16" />
      </word>
      <word id="a01-132u-02-01" tag="NN" text="financing">
        <cmp x="484" y="1111" width="47" height="63" />
        <cmp x="539" y="1141" width="45" height="22" />
        <cmp x="585" y="1136" width="96" height="26" />
        <cmp x="698" y="1134" width="127" height="28" />
        <cmp x="752" y="1119" width="16" height="11" />
        <cmp x="837" y="1139" width="59" height="59" />
      </word>
      <word id="a01-132u-02-02" tag="." text=".">
        <cmp x="892" y="1159" width="12" height="8" />
      </word>
      <word id="a01-132u-02-03" tag="**&apos;" text="&quot;">
        <cmp x="935" y="1101" width="24" height="26" />
      </word>
      <word id="a01-132u-02-04" sentence-start="yes" tag="ATI" text="The">
        <cmp x="1019" y="1112" width="174" height="49" />
      </word>
      <word id="a01-132u-02-05" tag="NN" text="Government">
        <cmp x="1261" y="1114" width="45" height="47" />
        <cmp x="1310" y="1128" width="133" height="36" />
        <cmp x="1451" y="1136" width="41" height="19" />
        <cmp x="1502" y="1115" width="175" height="43" />
      </word>
      <word id="a01-132u-02-06" tag="VBD" text="decided">
        <cmp x="1749" y="1124" width="256" height="40" />
        <cmp x="1882" y="1107" width="10" height="12" />
        <cmp x="2002" y="1116" width="75" height="39" />
      </word>
      <word id="a01-132u-02-07" tag="TO" text="to">
        <cmp x="2141" y="1112" width="25" height="50" />
        <cmp x="2179" y="1132" width="37" height="31" />
      </word>
      <upper-contour>
        <point x="358" y="1009" />
        <point x="2217" y="1009" />
      </upper-contour>
      <lower-contour>
        <point x="380" y="1197" />
        <point x="2186" y="1197" />
      </lower-contour>
    </line>
    <line ass="434" asx="0" asy="1290" character-width="999" dss="434" dsx="0" dsy="1372" fd0="13289" fd1="3301" fd2="196" filter-width="5" id="a01-132u-03" lbs="548" lbx="0" lby="1349" segmentation="ok" slant="114000" stroke-width="7297" threshold="177" text="adjust the financing - which Mr. Powell" ubs="205" ubx="0" uby="1317">
      <word id="a01-132u-03-00" tag="VB" text="adjust">
        <cmp x="382" y="1324" width="42" height="22" />
        <cmp x="424" y="1299" width="48" height="42" />
        <cmp x="469" y="1315" width="48" height="50" />
        <cmp x="476" y="1302" width="9" height="8" />
        <cmp x="505" y="1295" width="118" height="49" />
      </word>
      <word id="a01-132u-03-01" tag="ATI" text="the">
        <cmp x="698" y="1291" width="149" height="48" />
      </word>
      <word id="a01-132u-03-02" tag="NN" text="financing">
        <cmp x="881" y="1283" width="58" height="68" />
        <cmp x="919" y="1300" width="12" height="15" />
        <cmp x="942" y="1321" width="44" height="21" />
        <cmp x="989" y="1315" width="94" height="26" />
        <cmp x="1099" y="1312" width="66" height="26" />
        <cmp x="1141" y="1290" width="8" height="8" />
        <cmp x="1174" y="1312" width="40" height="20" />
        <cmp x="1220" y="1307" width="57" height="57" />
      </word>
      <word id="a01-132u-03-03" tag="*-" text="-">
        <cmp x="1326" y="1316" width="31" height="9" />
      </word>
      <word id="a01-132u-03-04" tag="WDT" text="which">
        <cmp x="1409" y="1302" width="63" height="37" />
        <cmp x="1473" y="1296" width="78" height="39" />
        <cmp x="1521" y="1286" width="17" height="13" />
        <cmp x="1561" y="1302" width="83" height="28" />
      </word>
      <word id="a01-132u-03-05" tag="NPT" text="Mr.">
        <cmp x="1734" y="1292" width="111" height="48" />
        <cmp x="1866" y="1327" width="9" height="11" />
      </word>
      <word id="a01-132u-03-06" tag="NP" text="Powell">
        <cmp x="1919" y="1280" width="73" height="43" />
        <cmp x="1989" y="1303" width="36" height="25" />
        <cmp x="2027" y="1302" width="61" height="30" />
        <cmp x="2094" y="1291" width="91" height="42" />
      </word>
      <upper-contour>
        <point x="380" y="1197" />
        <point x="2186" y="1197" />
      </upper-contour>
      <lower-contour>
        <point x="385" y="1364" />
        <point x="2186" y="1364" />
      </lower-contour>
    </line>
    <line ass="88" asx="0" asy="1465" character-width="999" dss="88" dsx="0" dsy="1545" fd0="13462" fd1="3209" fd2="361" filter-width="4" id="a01-132u-04" lbs="52" lbx="0" lby="1515" segmentation="ok" slant="117000" stroke-width="7126" threshold="175" text="claimed was underpinning - not undermining -" ubs="161" ubx="0" uby="1494">
      <word id="a01-132u-04-00" tag="VBD" text="claimed">
        <cmp x="387" y="1486" width="31" height="31" />
        <cmp x="416" y="1474" width="114" height="43" />
        <cmp x="492" y="1465" width="11" height="10" />
        <cmp x="536" y="1483" width="170" height="33" />
      </word>
      <word id="a01-132u-04-01" tag="BEDZ" text="was">
        <cmp x="780" y="1489" width="59" height="32" />
        <cmp x="838" y="1487" width="102" height="33" />
      </word>
      <word id="a01-132u-04-02" tag="VBG" text="underpinning">
        <cmp x="1019" y="1496" width="89" height="21" />
        <cmp x="1116" y="1480" width="106" height="37" />
        <cmp x="1241" y="1492" width="37" height="35" />
        <cmp x="1290" y="1468" width="16" height="13" />
        <cmp x="1293" y="1497" width="23" height="17" />
        <cmp x="1332" y="1497" width="38" height="19" />
        <cmp x="1370" y="1497" width="112" height="19" />
        <cmp x="1426" y="1467" width="15" height="10" />
        <cmp x="1491" y="1489" width="54" height="53" />
      </word>
      <word id="a01-132u-04-03" tag="*-" text="-">
        <cmp x="1574" y="1487" width="36" height="10" />
      </word>
      <word id="a01-132u-04-04" tag="XNOT" text="not">
        <cmp x="1665" y="1489" width="51" height="24" />
        <cmp x="1718" y="1464" width="95" height="50" />
      </word>
      <word id="a01-132u-04-05" tag="VBG" text="undermining">
        <cmp x="1854" y="1482" width="87" height="32" />
        <cmp x="1942" y="1474" width="118" height="42" />
        <cmp x="2064" y="1492" width="87" height="26" />
        <cmp x="2132" y="1463" width="12" height="13" />
        <cmp x="2175" y="1492" width="63" height="26" />
        <cmp x="2224" y="1468" width="9" height="11" />
        <cmp x="2253" y="1498" width="36" height="19" />
        <cmp x="2292" y="1489" width="45" height="52" />
      </word>
      <word id="a01-132u-04-06" tag="*-" text="-">
        <cmp x="2359" y="1494" width="26" height="9" />
      </word>
      <upper-contour>
        <point x="385" y="1364" />
        <point x="2186" y="1364" />
      </upper-contour>
      <lower-contour>
        <point x="385" y="1544" />
        <point x="2134" y="1544" />
      </lower-contour>
    </line>
    <line ass="148" asx="0" asy="1639" character-width="999" dss="148" dsx="0" dsy="1729" fd0="12707" fd1="3105" fd2="47" filter-width="4" id="a01-132u-05" lbs="155" lbx="0" lby="1697" segmentation="ok" slant="114000" stroke-width="7114" threshold="175" text="the service. Answering the attack on" ubs="133" ubx="0" uby="1672">
      <word id="a01-132u-05-00" tag="ATI" text="the">
        <cmp x="345" y="1657" width="145" height="41" />
      </word>
      <word id="a01-132u-05-01" tag="NN" text="service">
        <cmp x="538" y="1671" width="103" height="30" />
        <cmp x="643" y="1669" width="35" height="30" />
        <cmp x="679" y="1653" width="15" height="14" />
        <cmp x="684" y="1676" width="18" height="22" />
        <cmp x="716" y="1669" width="111" height="35" />
        <cmp x="740" y="1683" width="4" height="6" />
      </word>
      <word id="a01-132u-05-02" tag="." text=".">
        <cmp x="866" y="1703" width="10" height="11" />
      </word>
      <word id="a01-132u-05-03" sentence-start="yes" tag="VBG" text="Answering">
        <cmp x="1002" y="1638" width="81" height="58" />
        <cmp x="1087" y="1669" width="35" height="26" />
        <cmp x="1133" y="1660" width="146" height="36" />
        <cmp x="1276" y="1637" width="19" height="8" />
        <cmp x="1281" y="1666" width="76" height="21" />
        <cmp x="1362" y="1669" width="53" height="58" />
      </word>
      <word id="a01-132u-05-04" tag="ATI" text="the">
        <cmp x="1471" y="1650" width="142" height="51" />
      </word>
      <word id="a01-132u-05-05" tag="NN" text="attack">
        <cmp x="1698" y="1653" width="125" height="42" />
        <cmp x="1832" y="1669" width="59" height="29" />
        <cmp x="1906" y="1662" width="76" height="32" />
      </word>
      <word id="a01-132u-05-06" tag="IN" text="on">
        <cmp x="2041" y="1666" width="92" height="30" />
      </word>
      <upper-contour>
        <point x="385" y="1544" />
        <point x="2134" y="1544" />
      </upper-contour>
      <lower-contour>
        <point x="344" y="1727" />
        <point x="2134" y="1727" />
      </lower-contour>
    </line>
    <line ass="99" asx="0" asy="1815" character-width="999" dss="99" dsx="0" dsy="1898" fd0="12824" fd1="3164" fd2="369" filter-width="5" id="a01-132u-06" lbs="88" lbx="0" lby="1876" segmentation="ok" slant="99000" stroke-width="7322" threshold="172" text="&amp;quot;economic charges&amp;quot; for welfare foods, Mr." ubs="122" ubx="0" uby="1853">
      <word id="a01-132u-06-00" tag="*&apos;" text="&quot;">
        <cmp x="346" y="1866" width="19" height="27" />
      </word>
      <word id="a01-132u-06-01" tag="JJ" text="economic">
        <cmp x="422" y="1849" width="39" height="32" />
        <cmp x="462" y="1847" width="36" height="33" />
        <cmp x="499" y="1850" width="41" height="32" />
        <cmp x="550" y="1846" width="85" height="32" />
        <cmp x="639" y="1848" width="97" height="22" />
        <cmp x="711" y="1825" width="15" height="12" />
        <cmp x="741" y="1843" width="55" height="27" />
      </word>
      <word id="a01-132u-06-02" tag="NNS" text="charges">
        <cmp x="861" y="1830" width="86" height="42" />
        <cmp x="947" y="1844" width="83" height="31" />
        <cmp x="1039" y="1843" width="111" height="53" />
      </word>
      <word id="a01-132u-06-03" tag="**&apos;" text="&quot;">
        <cmp x="1178" y="1814" width="23" height="20" />
      </word>
      <word id="a01-132u-06-04" tag="IN" text="for">
        <cmp x="1282" y="1818" width="27" height="62" />
        <cmp x="1320" y="1844" width="84" height="29" />
      </word>
      <word id="a01-132u-06-05" tag="NN" text="welfare">
        <cmp x="1509" y="1839" width="91" height="32" />
        <cmp x="1588" y="1833" width="36" height="37" />
        <cmp x="1634" y="1831" width="32" height="58" />
        <cmp x="1672" y="1852" width="50" height="22" />
        <cmp x="1737" y="1849" width="62" height="25" />
      </word>
      <word id="a01-132u-06-06" tag="NNS" text="foods">
        <cmp x="1894" y="1825" width="24" height="54" />
        <cmp x="1928" y="1848" width="34" height="29" />
        <cmp x="1965" y="1848" width="34" height="29" />
        <cmp x="2001" y="1836" width="61" height="42" />
        <cmp x="2077" y="1852" width="29" height="25" />
      </word>
      <word id="a01-132u-06-07" tag="," text=",">
        <cmp x="2125" y="1879" width="7" height="16" />
      </word>
      <word id="a01-132u-06-08" tag="NPT" text="Mr.">
        <cmp x="2195" y="1825" width="100" height="50" />
        <cmp x="2304" y="1872" width="8" height="7" />
      </word>
      <upper-contour>
        <point x="344" y="1727" />
        <point x="2134" y="1727" />
      </upper-contour>
      <lower-contour>
        <point x="344" y="1898" />
        <point x="2148" y="1898" />
      </lower-contour>
    </line>
    <line ass="178" asx="0" asy="2004" character-width="999" dss="178" dsx="0" dsy="2070" fd0="12363" fd1="2598" fd2="-405" filter-width="5" id="a01-132u-07" lbs="156" lbx="0" lby="2057" segmentation="ok" slant="113000" stroke-width="7292" threshold="175" text="Powell said that all these foods would" ubs="222" ubx="0" uby="2031">
      <word id="a01-132u-07-00" tag="NP" text="Powell">
        <cmp x="317" y="2004" width="107" height="58" />
        <cmp x="429" y="2019" width="114" height="38" />
        <cmp x="530" y="2015" width="56" height="41" />
      </word>
      <word id="a01-132u-07-01" tag="VBD" text="said">
        <cmp x="663" y="2037" width="32" height="22" />
        <cmp x="702" y="2036" width="88" height="26" />
        <cmp x="756" y="2021" width="18" height="10" />
        <cmp x="795" y="2018" width="59" height="38" />
      </word>
      <word id="a01-132u-07-02" tag="CS" text="that">
        <cmp x="949" y="2010" width="172" height="46" />
      </word>
      <word id="a01-132u-07-03" tag="ABN" text="all">
        <cmp x="1170" y="2014" width="94" height="41" />
      </word>
      <word id="a01-132u-07-04" tag="DTS" text="these">
        <cmp x="1331" y="2010" width="225" height="44" />
      </word>
      <word id="a01-132u-07-05" tag="NNS" text="foods">
        <cmp x="1638" y="2015" width="22" height="50" />
        <cmp x="1667" y="2025" width="39" height="30" />
        <cmp x="1707" y="2025" width="38" height="28" />
        <cmp x="1751" y="2016" width="84" height="36" />
      </word>
      <word id="a01-132u-07-06" tag="MD" text="would">
        <cmp x="1888" y="2013" width="195" height="42" />
        <cmp x="2083" y="2008" width="64" height="46" />
      </word>
      <upper-contour>
        <point x="344" y="1898" />
        <point x="2148" y="1898" />
      </upper-contour>
      <lower-contour>
        <point x="331" y="2066" />
        <point x="2148" y="2066" />
      </lower-contour>
    </line>
    <line ass="-157" asx="0" asy="2168" character-width="999" dss="-157" dsx="0" dsy="2254" fd0="12906" fd1="3092" fd2="147" filter-width="4" id="a01-132u-08" lbs="-169" lbx="0" lby="2226" segmentation="ok" slant="106000" stroke-width="7107" threshold="176" text="still be free in families receiving regular" ubs="-133" ubx="0" uby="2205">
      <word id="a01-132u-08-00" tag="RB" text="still">
        <cmp x="333" y="2184" width="86" height="48" />
        <cmp x="403" y="2180" width="13" height="15" />
        <cmp x="429" y="2184" width="48" height="38" />
      </word>
      <word id="a01-132u-08-01" tag="BE" text="be">
        <cmp x="523" y="2183" width="117" height="58" />
      </word>
      <word id="a01-132u-08-02" tag="JJ" text="free">
        <cmp x="727" y="2181" width="174" height="55" />
      </word>
      <word id="a01-132u-08-03" tag="IN" text="in">
        <cmp x="978" y="2213" width="77" height="20" />
        <cmp x="980" y="2179" width="8" height="15" />
      </word>
      <word id="a01-132u-08-04" tag="NNS" text="families">
        <cmp x="1138" y="2177" width="28" height="63" />
        <cmp x="1178" y="2203" width="150" height="27" />
        <cmp x="1306" y="2177" width="11" height="10" />
        <cmp x="1346" y="2187" width="47" height="37" />
        <cmp x="1408" y="2200" width="73" height="31" />
      </word>
      <word id="a01-132u-08-05" tag="VBG" text="receiving">
        <cmp x="1541" y="2196" width="92" height="37" />
        <cmp x="1632" y="2200" width="100" height="32" />
        <cmp x="1712" y="2174" width="10" height="10" />
        <cmp x="1744" y="2199" width="32" height="32" />
        <cmp x="1793" y="2175" width="11" height="14" />
        <cmp x="1797" y="2209" width="78" height="20" />
        <cmp x="1875" y="2200" width="63" height="61" />
      </word>
      <word id="a01-132u-08-06" tag="JJ" text="regular">
        <cmp x="1993" y="2198" width="84" height="37" />
        <cmp x="2081" y="2207" width="41" height="50" />
        <cmp x="2126" y="2206" width="43" height="26" />
        <cmp x="2161" y="2190" width="23" height="37" />
        <cmp x="2190" y="2201" width="126" height="36" />
      </word>
      <upper-contour>
        <point x="331" y="2066" />
        <point x="2148" y="2066" />
      </upper-contour>
      <lower-contour>
        <point x="356" y="2240" />
        <point x="1604" y="2240" />
      </lower-contour>
    </line>
    <line ass="269" asx="0" asy="2362" character-width="999" dss="269" dsx="0" dsy="2439" fd0="12142" fd1="2813" fd2="-235" filter-width="5" id="a01-132u-09" lbs="243" lbx="0" lby="2413" segmentation="ok" slant="108000" stroke-width="7317" threshold="174" text="National Assistance grants." ubs="322" ubx="0" uby="2392">
      <word id="a01-132u-09-00" tag="JJ" text="National">
        <cmp x="358" y="2367" width="58" height="65" />
        <cmp x="417" y="2371" width="191" height="44" />
        <cmp x="494" y="2364" width="11" height="11" />
        <cmp x="608" y="2370" width="91" height="45" />
      </word>
      <word id="a01-132u-09-01" tag="NN" text="Assistance">
        <cmp x="794" y="2360" width="116" height="54" />
        <cmp x="906" y="2359" width="23" height="11" />
        <cmp x="920" y="2386" width="14" height="22" />
        <cmp x="942" y="2384" width="34" height="33" />
        <cmp x="984" y="2359" width="35" height="45" />
        <cmp x="1033" y="2382" width="75" height="23" />
        <cmp x="1119" y="2379" width="116" height="36" />
      </word>
      <word id="a01-132u-09-02" tag="NNS" text="grants">
        <cmp x="1313" y="2385" width="85" height="50" />
        <cmp x="1409" y="2364" width="154" height="45" />
      </word>
      <word id="a01-132u-09-03" tag="." text=".">
        <cmp x="1594" y="2404" width="9" height="9" />
      </word>
      <upper-contour>
        <point x="356" y="2240" />
        <point x="1604" y="2240" />
      </upper-contour>
    </line>
  </handwritten-part>
</form>

