<?xml version="1.0" encoding="ISO-8859-1"?>

<!DOCTYPE form SYSTEM 'http://www.iam.unibe.ch/~fki/iamdb/form-metadata.dtd'>

<form created="2002-01-14" height="3542" id="a01-049u" last-modified="2002-07-17" skew="255" status="final" version="3.0_beta" width="2479" writer-id="000">
  <machine-printed-part>
    <machine-print-line text="Senator Allen Ellender, of Louisiana, sparked off the opposition by telling a television" />
    <machine-print-line text="audience it was &amp;quot;current Washington gossip&amp;quot; that Weaver once had Communist affilia-" />
    <machine-print-line text="tions. The Senate Banking Committee, which is headed by another Southern Senator" />
    <machine-print-line text="- Willis Robertson, of Virginia - met today in closed session to discuss Weaver&apos;s ap-" />
    <machine-print-line text="pointment. Senator Robertson later disclosed he had sent a letter to Mr. Kennedy" />
    <machine-print-line text="saying he had received several complaints about Weaver&apos;s loyalty." />
  </machine-printed-part>
  <handwritten-part>
    <line ass="20" asx="0" asy="795" character-width="999" dss="20" dsx="0" dsy="892" fd0="12685" fd1="2777" fd2="-81" filter-width="5" id="a01-049u-00" lbs="1" lbx="0" lby="856" segmentation="ok" slant="107000" stroke-width="7251" threshold="171" text="Senator Allen Ellender, of Louisiana," ubs="57" ubx="0" uby="832">
      <word id="a01-049u-00-00" sentence-start="yes" tag="NPT" text="Senator">
        <cmp x="385" y="802" width="166" height="58" />
        <cmp x="554" y="811" width="89" height="46" />
        <cmp x="645" y="828" width="81" height="34" />
      </word>
      <word id="a01-049u-00-01" tag="NP" text="Allen">
        <cmp x="839" y="813" width="35" height="55" />
        <cmp x="874" y="820" width="172" height="40" />
      </word>
      <word id="a01-049u-00-02" tag="NP" text="Ellender">
        <cmp x="1153" y="808" width="213" height="55" />
        <cmp x="1366" y="819" width="118" height="48" />
      </word>
      <word id="a01-049u-00-03" tag="," text=",">
        <cmp x="1532" y="864" width="19" height="28" />
      </word>
      <word id="a01-049u-00-04" tag="INO" text="of">
        <cmp x="1601" y="823" width="34" height="34" />
        <cmp x="1638" y="796" width="39" height="61" />
      </word>
      <word id="a01-049u-00-05" tag="NP" text="Louisiana">
        <cmp x="1784" y="807" width="20" height="48" />
        <cmp x="1805" y="826" width="32" height="29" />
        <cmp x="1853" y="827" width="65" height="30" />
        <cmp x="1902" y="802" width="10" height="9" />
        <cmp x="1921" y="828" width="62" height="25" />
        <cmp x="1958" y="800" width="6" height="9" />
        <cmp x="2000" y="830" width="87" height="19" />
        <cmp x="2094" y="822" width="48" height="31" />
      </word>
      <word id="a01-049u-00-06" tag="," text=",">
        <cmp x="2167" y="852" width="15" height="27" />
      </word>
      <lower-contour>
        <point x="383" y="893" />
        <point x="2153" y="893" />
      </lower-contour>
    </line>
    <line ass="810" asx="0" asy="985" character-width="999" dss="810" dsx="0" dsy="1082" fd0="12059" fd1="2511" fd2="-431" filter-width="5" id="a01-049u-01" lbs="859" lbx="0" lby="1053" segmentation="ok" slant="106000" stroke-width="7739" threshold="168" text="sparked off the opposition by telling a" ubs="712" ubx="0" uby="1020">
      <word id="a01-049u-01-00" tag="VBD" text="sparked">
        <cmp x="379" y="1017" width="39" height="32" />
        <cmp x="417" y="1009" width="106" height="48" />
        <cmp x="534" y="992" width="146" height="49" />
      </word>
      <word id="a01-049u-01-01" tag="RP" text="off">
        <cmp x="784" y="1001" width="35" height="35" />
        <cmp x="821" y="973" width="88" height="74" />
      </word>
      <word id="a01-049u-01-02" tag="ATI" text="the">
        <cmp x="976" y="996" width="38" height="52" />
        <cmp x="1011" y="1007" width="100" height="39" />
      </word>
      <word id="a01-049u-01-03" tag="NN" text="opposition">
        <cmp x="1182" y="1011" width="67" height="55" />
        <cmp x="1254" y="1005" width="144" height="52" />
        <cmp x="1373" y="974" width="10" height="14" />
        <cmp x="1401" y="985" width="46" height="42" />
        <cmp x="1442" y="979" width="11" height="19" />
        <cmp x="1468" y="1006" width="68" height="24" />
      </word>
      <word id="a01-049u-01-04" tag="IN" text="by">
        <cmp x="1623" y="975" width="35" height="47" />
        <cmp x="1665" y="994" width="44" height="50" />
      </word>
      <word id="a01-049u-01-05" tag="VBG" text="telling">
        <cmp x="1764" y="972" width="198" height="51" />
        <cmp x="1889" y="962" width="19" height="14" />
        <cmp x="1973" y="989" width="49" height="51" />
      </word>
      <word id="a01-049u-01-06" tag="AT" text="a">
        <cmp x="2091" y="990" width="61" height="31" />
      </word>
      <upper-contour>
        <point x="383" y="893" />
        <point x="2153" y="893" />
      </upper-contour>
      <lower-contour>
        <point x="377" y="1067" />
        <point x="1997" y="1067" />
      </lower-contour>
    </line>
    <line ass="1312" asx="0" asy="1177" character-width="999" dss="1312" dsx="0" dsy="1247" fd0="12824" fd1="3177" fd2="246" filter-width="5" id="a01-049u-02" lbs="1306" lbx="0" lby="1235" segmentation="ok" slant="98000" stroke-width="7195" threshold="170" text="television audience it was &amp;quot;current" ubs="1324" ubx="0" uby="1211">
      <word id="a01-049u-02-00" tag="NN" text="television">
        <cmp x="375" y="1169" width="147" height="56" />
        <cmp x="526" y="1192" width="36" height="33" />
        <cmp x="567" y="1170" width="14" height="12" />
        <cmp x="570" y="1191" width="22" height="27" />
        <cmp x="593" y="1194" width="38" height="21" />
        <cmp x="629" y="1170" width="16" height="9" />
        <cmp x="640" y="1195" width="21" height="19" />
        <cmp x="669" y="1192" width="83" height="28" />
      </word>
      <word id="a01-049u-02-01" tag="NN" text="audience">
        <cmp x="841" y="1191" width="105" height="28" />
        <cmp x="948" y="1180" width="92" height="36" />
        <cmp x="1010" y="1165" width="8" height="8" />
        <cmp x="1052" y="1188" width="86" height="25" />
        <cmp x="1146" y="1183" width="105" height="35" />
      </word>
      <word id="a01-049u-02-02" tag="PP3" text="it">
        <cmp x="1325" y="1147" width="13" height="16" />
        <cmp x="1334" y="1179" width="11" height="27" />
        <cmp x="1351" y="1148" width="31" height="53" />
      </word>
      <word id="a01-049u-02-03" tag="BEDZ" text="was">
        <cmp x="1438" y="1173" width="60" height="36" />
        <cmp x="1502" y="1179" width="79" height="27" />
      </word>
      <word id="a01-049u-02-04" tag="*&apos;" text="&quot;">
        <cmp x="1645" y="1190" width="27" height="21" />
      </word>
      <word id="a01-049u-02-05" tag="JJ" text="current">
        <cmp x="1716" y="1161" width="34" height="37" />
        <cmp x="1751" y="1161" width="112" height="30" />
        <cmp x="1875" y="1154" width="94" height="36" />
        <cmp x="1961" y="1137" width="35" height="40" />
      </word>
      <upper-contour>
        <point x="377" y="1067" />
        <point x="1997" y="1067" />
      </upper-contour>
      <lower-contour>
        <point x="373" y="1224" />
        <point x="1997" y="1224" />
      </lower-contour>
    </line>
    <line ass="1472" asx="0" asy="1348" character-width="999" dss="1472" dsx="0" dsy="1439" fd0="12525" fd1="2802" fd2="-197" filter-width="5" id="a01-049u-03" lbs="1544" lbx="0" lby="1412" segmentation="ok" slant="104000" stroke-width="7403" threshold="170" text="Washington gossip&amp;quot; that Weaver once had" ubs="1329" ubx="0" uby="1378">
      <word id="a01-049u-03-00" tag="NP" text="Washington">
        <cmp x="365" y="1347" width="55" height="53" />
        <cmp x="421" y="1354" width="113" height="48" />
        <cmp x="543" y="1350" width="142" height="73" />
        <cmp x="594" y="1348" width="11" height="9" />
        <cmp x="686" y="1342" width="33" height="39" />
        <cmp x="721" y="1361" width="82" height="33" />
      </word>
      <word id="a01-049u-03-01" tag="NN" text="gossip">
        <cmp x="876" y="1356" width="53" height="56" />
        <cmp x="923" y="1359" width="106" height="31" />
        <cmp x="1023" y="1331" width="11" height="11" />
        <cmp x="1038" y="1360" width="13" height="21" />
        <cmp x="1062" y="1364" width="28" height="31" />
      </word>
      <word id="a01-049u-03-02" tag="**&apos;" text="&quot;">
        <cmp x="1119" y="1319" width="24" height="20" />
      </word>
      <word id="a01-049u-03-03" tag="CS" text="that">
        <cmp x="1193" y="1333" width="157" height="45" />
      </word>
      <word id="a01-049u-03-04" tag="NP" text="Weaver">
        <cmp x="1459" y="1330" width="71" height="44" />
        <cmp x="1532" y="1340" width="38" height="35" />
        <cmp x="1569" y="1327" width="149" height="41" />
      </word>
      <word id="a01-049u-03-05" tag="RB" text="once">
        <cmp x="1789" y="1332" width="190" height="36" />
      </word>
      <word id="a01-049u-03-06" tag="HVD" text="had">
        <cmp x="2036" y="1319" width="88" height="40" />
        <cmp x="2123" y="1319" width="60" height="41" />
      </word>
      <upper-contour>
        <point x="373" y="1224" />
        <point x="1997" y="1224" />
      </upper-contour>
      <lower-contour>
        <point x="363" y="1422" />
        <point x="2184" y="1422" />
      </lower-contour>
    </line>
    <line ass="1419" asx="0" asy="1528" character-width="999" dss="1419" dsx="0" dsy="1623" fd0="12472" fd1="2854" fd2="-54" filter-width="5" id="a01-049u-04" lbs="1457" lbx="0" lby="1587" segmentation="ok" slant="98000" stroke-width="7169" threshold="170" text="Communist affiliations. The Senate Banking" ubs="1343" ubx="0" uby="1565">
      <word id="a01-049u-04-00" tag="JJ" text="Communist">
        <cmp x="365" y="1525" width="166" height="57" />
        <cmp x="531" y="1548" width="204" height="25" />
        <cmp x="707" y="1521" width="15" height="7" />
        <cmp x="747" y="1524" width="67" height="50" />
      </word>
      <word id="a01-049u-04-01" tag="NNS" text="affiliations">
        <cmp x="900" y="1510" width="125" height="75" />
        <cmp x="1005" y="1512" width="10" height="10" />
        <cmp x="1040" y="1526" width="109" height="43" />
        <cmp x="1069" y="1511" width="15" height="14" />
        <cmp x="1161" y="1515" width="45" height="45" />
        <cmp x="1202" y="1512" width="15" height="15" />
        <cmp x="1230" y="1534" width="105" height="29" />
      </word>
      <word id="a01-049u-04-02" tag="." text=".">
        <cmp x="1363" y="1558" width="10" height="12" />
      </word>
      <word id="a01-049u-04-03" sentence-start="yes" tag="ATI" text="The">
        <cmp x="1448" y="1492" width="178" height="57" />
        <cmp x="1475" y="1505" width="11" height="48" />
      </word>
      <word id="a01-049u-04-04" tag="NP" text="Senate">
        <cmp x="1700" y="1496" width="139" height="55" />
        <cmp x="1844" y="1498" width="152" height="41" />
      </word>
      <word id="a01-049u-04-05" tag="NN" text="Banking">
        <cmp x="2032" y="1478" width="136" height="60" />
        <cmp x="2179" y="1491" width="131" height="76" />
      </word>
      <upper-contour>
        <point x="363" y="1422" />
        <point x="2184" y="1422" />
      </upper-contour>
      <lower-contour>
        <point x="363" y="1584" />
        <point x="2191" y="1584" />
      </lower-contour>
    </line>
    <line ass="1181" asx="0" asy="1700" character-width="999" dss="1181" dsx="0" dsy="1790" fd0="12908" fd1="2864" fd2="-31" filter-width="5" id="a01-049u-05" lbs="1130" lbx="0" lby="1762" segmentation="ok" slant="111000" stroke-width="7314" threshold="170" text="Committee, which is headed by another" ubs="1283" ubx="0" uby="1737">
      <word id="a01-049u-05-00" tag="NN" text="Committee">
        <cmp x="365" y="1705" width="59" height="63" />
        <cmp x="409" y="1727" width="204" height="31" />
        <cmp x="523" y="1698" width="9" height="8" />
        <cmp x="590" y="1695" width="13" height="14" />
        <cmp x="615" y="1705" width="155" height="49" />
      </word>
      <word id="a01-049u-05-01" tag="," text=",">
        <cmp x="788" y="1748" width="9" height="26" />
      </word>
      <word id="a01-049u-05-02" tag="WDT" text="which">
        <cmp x="879" y="1700" width="58" height="45" />
        <cmp x="947" y="1698" width="83" height="44" />
        <cmp x="999" y="1691" width="16" height="12" />
        <cmp x="1037" y="1706" width="97" height="36" />
      </word>
      <word id="a01-049u-05-03" tag="BEZ" text="is">
        <cmp x="1208" y="1676" width="11" height="12" />
        <cmp x="1215" y="1713" width="64" height="28" />
      </word>
      <word id="a01-049u-05-04" tag="VBN" text="headed">
        <cmp x="1344" y="1695" width="138" height="40" />
        <cmp x="1480" y="1695" width="147" height="40" />
      </word>
      <word id="a01-049u-05-05" tag="IN" text="by">
        <cmp x="1716" y="1682" width="29" height="43" />
        <cmp x="1756" y="1700" width="55" height="46" />
      </word>
      <word id="a01-049u-05-06" tag="DT" text="another">
        <cmp x="1886" y="1693" width="84" height="30" />
        <cmp x="1973" y="1687" width="39" height="37" />
        <cmp x="2003" y="1670" width="187" height="54" />
      </word>
      <upper-contour>
        <point x="363" y="1584" />
        <point x="2191" y="1584" />
      </upper-contour>
      <lower-contour>
        <point x="363" y="1773" />
        <point x="2148" y="1773" />
      </lower-contour>
    </line>
    <line ass="1380" asx="0" asy="1881" character-width="999" dss="1380" dsx="0" dsy="1959" fd0="12601" fd1="2869" fd2="-169" filter-width="5" id="a01-049u-06" lbs="1380" lbx="0" lby="1942" segmentation="ok" slant="116000" stroke-width="7455" threshold="171" text="Southern Senator - Willis Robertson, of" ubs="1379" ubx="0" uby="1922">
      <word id="a01-049u-06-00" tag="JJ" text="Southern">
        <cmp x="364" y="1879" width="55" height="58" />
        <cmp x="419" y="1882" width="253" height="55" />
        <cmp x="672" y="1906" width="46" height="20" />
      </word>
      <word id="a01-049u-06-01" tag="NPT" text="Senator">
        <cmp x="820" y="1874" width="211" height="51" />
        <cmp x="1034" y="1895" width="88" height="26" />
      </word>
      <word id="a01-049u-06-02" tag="*-" text="-">
        <cmp x="1173" y="1891" width="38" height="10" />
      </word>
      <word id="a01-049u-06-03" tag="NP" text="Willis">
        <cmp x="1271" y="1875" width="73" height="44" />
        <cmp x="1348" y="1866" width="16" height="17" />
        <cmp x="1354" y="1895" width="20" height="24" />
        <cmp x="1383" y="1877" width="88" height="38" />
        <cmp x="1441" y="1861" width="17" height="15" />
        <cmp x="1478" y="1886" width="114" height="20" />
      </word>
      <word id="a01-049u-06-04" tag="NP" text="Robertson">
        <cmp x="1619" y="1841" width="268" height="66" />
        <cmp x="1890" y="1867" width="81" height="23" />
      </word>
      <word id="a01-049u-06-05" tag="," text=",">
        <cmp x="2004" y="1883" width="8" height="28" />
      </word>
      <word id="a01-049u-06-06" tag="INO" text="of">
        <cmp x="2059" y="1862" width="32" height="36" />
        <cmp x="2098" y="1840" width="49" height="54" />
      </word>
      <upper-contour>
        <point x="363" y="1773" />
        <point x="2148" y="1773" />
      </upper-contour>
      <lower-contour>
        <point x="372" y="1936" />
        <point x="2148" y="1936" />
      </lower-contour>
    </line>
    <line ass="1497" asx="0" asy="2065" character-width="999" dss="1497" dsx="0" dsy="2149" fd0="12984" fd1="2855" fd2="-53" filter-width="5" id="a01-049u-07" lbs="1486" lbx="0" lby="2128" segmentation="ok" slant="107000" stroke-width="7295" threshold="170" text="Virginia - met today in closed session to" ubs="1519" ubx="0" uby="2105">
      <word id="a01-049u-07-00" tag="NP" text="Virginia">
        <cmp x="374" y="2063" width="42" height="65" />
        <cmp x="413" y="2059" width="14" height="16" />
        <cmp x="421" y="2091" width="15" height="27" />
        <cmp x="441" y="2086" width="43" height="25" />
        <cmp x="489" y="2083" width="57" height="52" />
        <cmp x="531" y="2063" width="14" height="12" />
        <cmp x="541" y="2088" width="20" height="20" />
        <cmp x="568" y="2091" width="78" height="22" />
        <cmp x="616" y="2062" width="15" height="16" />
        <cmp x="653" y="2085" width="57" height="28" />
      </word>
      <word id="a01-049u-07-01" tag="*-" text="-">
        <cmp x="744" y="2088" width="30" height="9" />
      </word>
      <word id="a01-049u-07-02" tag="VBD" text="met">
        <cmp x="844" y="2045" width="178" height="59" />
      </word>
      <word id="a01-049u-07-03" tag="NR" text="today">
        <cmp x="1076" y="2054" width="51" height="48" />
        <cmp x="1130" y="2065" width="32" height="32" />
        <cmp x="1166" y="2055" width="59" height="39" />
        <cmp x="1222" y="2067" width="110" height="43" />
      </word>
      <word id="a01-049u-07-04" tag="IN" text="in">
        <cmp x="1397" y="2029" width="18" height="14" />
        <cmp x="1409" y="2069" width="63" height="18" />
      </word>
      <word id="a01-049u-07-05" tag="JJ" text="closed">
        <cmp x="1554" y="2065" width="30" height="28" />
        <cmp x="1591" y="2042" width="132" height="50" />
        <cmp x="1712" y="2045" width="58" height="38" />
      </word>
      <word id="a01-049u-07-06" tag="NN" text="session">
        <cmp x="1807" y="2062" width="32" height="24" />
        <cmp x="1845" y="2053" width="132" height="31" />
        <cmp x="1955" y="2022" width="12" height="14" />
        <cmp x="1994" y="2053" width="83" height="25" />
      </word>
      <word id="a01-049u-07-07" tag="TO" text="to">
        <cmp x="2114" y="2022" width="32" height="51" />
        <cmp x="2145" y="2049" width="47" height="33" />
      </word>
      <upper-contour>
        <point x="372" y="1936" />
        <point x="2148" y="1936" />
      </upper-contour>
      <lower-contour>
        <point x="372" y="2134" />
        <point x="2193" y="2134" />
      </lower-contour>
    </line>
    <line ass="1481" asx="0" asy="2241" character-width="999" dss="1481" dsx="0" dsy="2324" fd0="12822" fd1="3008" fd2="-592" filter-width="5" id="a01-049u-08" lbs="1519" lbx="0" lby="2309" segmentation="err" slant="108000" stroke-width="7194" threshold="169" text="discuss Weaver&apos;s appointment. Senator" ubs="1403" ubx="0" uby="2280">
      <word id="a01-049u-08-00" tag="VB" text="discuss">
        <cmp x="373" y="2258" width="122" height="43" />
        <cmp x="409" y="2252" width="16" height="9" />
        <cmp x="503" y="2266" width="36" height="28" />
        <cmp x="542" y="2265" width="142" height="30" />
      </word>
      <word id="a01-049u-08-01" tag="NP$" text="Weaver&apos;s">
        <cmp x="815" y="2234" width="63" height="57" />
        <cmp x="886" y="2252" width="43" height="34" />
        <cmp x="929" y="2253" width="47" height="32" />
        <cmp x="978" y="2246" width="109" height="38" />
        <cmp x="1102" y="2213" width="14" height="35" />
        <cmp x="1137" y="2251" width="39" height="30" />
      </word>
      <word id="a01-049u-08-02" tag="NN" text="appointment">
        <cmp x="1248" y="2241" width="54" height="35" />
        <cmp x="1301" y="2244" width="47" height="47" />
        <cmp x="1355" y="2244" width="44" height="42" />
        <cmp x="1402" y="2245" width="94" height="29" />
        <cmp x="1451" y="2211" width="19" height="12" />
        <cmp x="1504" y="2221" width="83" height="51" />
        <cmp x="1604" y="2223" width="189" height="41" />
        <cmp x="1803" y="2259" width="15" height="7" />
      </word>
      <word id="a01-049u-08-03" tag="." text=".">
        <cmp x="1902" y="2207" width="57" height="56" />
      </word>
      <word id="a01-049u-08-04" sentence-start="yes" tag="NPT" text="Senator">
        <cmp x="1961" y="2224" width="85" height="30" />
        <cmp x="2054" y="2207" width="163" height="52" />
      </word>
      <upper-contour>
        <point x="372" y="2134" />
        <point x="2193" y="2134" />
      </upper-contour>
      <lower-contour>
        <point x="371" y="2300" />
        <point x="2218" y="2300" />
      </lower-contour>
    </line>
    <line ass="1211" asx="0" asy="2416" character-width="999" dss="1211" dsx="0" dsy="2489" fd0="12312" fd1="2552" fd2="-896" filter-width="5" id="a01-049u-09" lbs="1222" lbx="0" lby="2480" segmentation="ok" slant="108000" stroke-width="7651" threshold="169" text="Robertson later disclosed he had sent a letter" ubs="1187" ubx="0" uby="2448">
      <word id="a01-049u-09-00" tag="NP" text="Robertson">
        <cmp x="337" y="2407" width="246" height="72" />
        <cmp x="361" y="2433" width="15" height="42" />
        <cmp x="587" y="2432" width="112" height="35" />
      </word>
      <word id="a01-049u-09-01" tag="RBR" text="later">
        <cmp x="798" y="2419" width="22" height="49" />
        <cmp x="831" y="2413" width="142" height="51" />
      </word>
      <word id="a01-049u-09-02" tag="VBD" text="disclosed">
        <cmp x="1048" y="2416" width="84" height="44" />
        <cmp x="1102" y="2402" width="15" height="12" />
        <cmp x="1137" y="2423" width="39" height="32" />
        <cmp x="1188" y="2418" width="31" height="33" />
        <cmp x="1229" y="2403" width="17" height="50" />
        <cmp x="1250" y="2406" width="194" height="52" />
      </word>
      <word id="a01-049u-09-03" tag="PP3A" text="he">
        <cmp x="1506" y="2396" width="112" height="52" />
      </word>
      <word id="a01-049u-09-04" tag="HVD" text="had">
        <cmp x="1647" y="2397" width="52" height="38" />
        <cmp x="1703" y="2409" width="44" height="34" />
        <cmp x="1754" y="2398" width="67" height="47" />
      </word>
      <word id="a01-049u-09-05" tag="VBN" text="sent">
        <cmp x="1896" y="2382" width="155" height="60" />
      </word>
      <word id="a01-049u-09-06" tag="AT" text="a">
        <cmp x="2095" y="2408" width="57" height="34" />
      </word>
      <word id="a01-049u-09-07" tag="NN" text="letter">
        <cmp x="2194" y="2382" width="162" height="59" />
      </word>
      <upper-contour>
        <point x="371" y="2300" />
        <point x="2218" y="2300" />
      </upper-contour>
      <lower-contour>
        <point x="342" y="2478" />
        <point x="2131" y="2478" />
      </lower-contour>
    </line>
    <line ass="1764" asx="0" asy="2609" character-width="999" dss="1764" dsx="0" dsy="2707" fd0="13029" fd1="2884" fd2="-200" filter-width="5" id="a01-049u-10" lbs="1712" lbx="0" lby="2671" segmentation="ok" slant="111000" stroke-width="7370" threshold="169" text="to Mr. Kennedy saying he had received" ubs="1868" ubx="0" uby="2648">
      <word id="a01-049u-10-00" tag="IN" text="to">
        <cmp x="344" y="2599" width="36" height="56" />
        <cmp x="383" y="2626" width="40" height="34" />
      </word>
      <word id="a01-049u-10-01" tag="NPT" text="Mr.">
        <cmp x="479" y="2597" width="68" height="56" />
        <cmp x="543" y="2626" width="38" height="30" />
        <cmp x="596" y="2642" width="9" height="11" />
      </word>
      <word id="a01-049u-10-02" tag="NP" text="Kennedy">
        <cmp x="689" y="2602" width="330" height="60" />
      </word>
      <word id="a01-049u-10-03" tag="VBG" text="saying">
        <cmp x="1082" y="2605" width="32" height="29" />
        <cmp x="1119" y="2606" width="102" height="63" />
        <cmp x="1217" y="2576" width="22" height="16" />
        <cmp x="1223" y="2611" width="75" height="25" />
        <cmp x="1311" y="2604" width="52" height="63" />
      </word>
      <word id="a01-049u-10-04" tag="PP3A" text="he">
        <cmp x="1419" y="2576" width="99" height="53" />
      </word>
      <word id="a01-049u-10-05" tag="HVD" text="had">
        <cmp x="1579" y="2586" width="52" height="38" />
        <cmp x="1636" y="2593" width="41" height="31" />
        <cmp x="1676" y="2580" width="68" height="41" />
      </word>
      <word id="a01-049u-10-06" tag="VBN" text="received">
        <cmp x="1805" y="2586" width="80" height="33" />
        <cmp x="1885" y="2589" width="90" height="32" />
        <cmp x="1954" y="2559" width="9" height="10" />
        <cmp x="1991" y="2572" width="77" height="42" />
        <cmp x="2069" y="2564" width="61" height="44" />
      </word>
      <upper-contour>
        <point x="342" y="2478" />
        <point x="2131" y="2478" />
      </upper-contour>
    </line>
  </handwritten-part>
</form>

