<?xml version="1.0" encoding="ISO-8859-1"?>

<!DOCTYPE form SYSTEM 'http://www.iam.unibe.ch/~fki/iamdb/form-metadata.dtd'>

<form created="2002-01-15" height="3542" id="a01-132" last-modified="2002-07-17" skew="191" status="final" version="3.0_beta" width="2479" writer-id="020">
  <machine-printed-part>
    <machine-print-line text="&amp;quot;That cannot continue without either development being limited or an adjustment" />
    <machine-print-line text="being made in financing.&amp;quot; The Government decided to adjust the financing - which" />
    <machine-print-line text="Mr. Powell claimed was underpinning - not undermining - the service. Answering" />
    <machine-print-line text="the attack on &amp;quot;economic charges&amp;quot; for welfare foods, Mr. Powell said that all these" />
    <machine-print-line text="foods would still be free in families receiving regular National Assistance grants." />
  </machine-printed-part>
  <handwritten-part>
    <line ass="117" asx="0" asy="771" character-width="999" dss="117" dsx="0" dsy="832" fd0="13880" fd1="2633" fd2="-327" filter-width="4" id="a01-132-00" lbs="128" lbx="0" lby="827" segmentation="err" slant="98000" stroke-width="6340" threshold="176" text="&amp;quot;That cannot continue without either" ubs="96" ubx="0" uby="799">
      <word id="a01-132-00-00" sentence-start="yes" tag="*&apos;" text="&quot;">
        <cmp x="353" y="774" width="19" height="29" />
      </word>
      <word id="a01-132-00-01" tag="DT" text="That">
        <cmp x="388" y="772" width="82" height="55" />
        <cmp x="402" y="794" width="12" height="30" />
        <cmp x="485" y="779" width="87" height="51" />
      </word>
      <word id="a01-132-00-02" tag="MDX" text="cannot">
        <cmp x="643" y="792" width="248" height="37" />
        <cmp x="902" y="777" width="32" height="42" />
      </word>
      <word id="a01-132-00-03" tag="VB" text="continue">
        <cmp x="987" y="796" width="77" height="33" />
        <cmp x="1076" y="799" width="36" height="29" />
        <cmp x="1126" y="779" width="97" height="46" />
        <cmp x="1238" y="798" width="86" height="31" />
      </word>
      <word id="a01-132-00-04" tag="IN" text="without">
        <cmp x="1388" y="804" width="68" height="27" />
        <cmp x="1443" y="770" width="171" height="58" />
        <cmp x="1622" y="770" width="38" height="46" />
      </word>
      <word id="a01-132-00-05" tag="DTX" text="either">
        <cmp x="1724" y="796" width="64" height="31" />
        <cmp x="1766" y="784" width="6" height="8" />
        <cmp x="1794" y="770" width="153" height="57" />
      </word>
      <lower-contour>
        <point x="351" y="831" />
        <point x="1879" y="831" />
      </lower-contour>
    </line>
    <line ass="58" asx="0" asy="945" character-width="999" dss="58" dsx="0" dsy="1035" fd0="13859" fd1="2739" fd2="-355" filter-width="4" id="a01-132-01" lbs="85" lbx="0" lby="1002" segmentation="ok" slant="94000" stroke-width="6314" threshold="176" text="development being limited or an" ubs="2" ubx="0" uby="975">
      <word id="a01-132-01-00" tag="NN" text="development">
        <cmp x="352" y="952" width="104" height="48" />
        <cmp x="459" y="952" width="149" height="57" />
        <cmp x="626" y="953" width="256" height="83" />
      </word>
      <word id="a01-132-01-01" tag="BEG" text="being">
        <cmp x="971" y="948" width="90" height="58" />
        <cmp x="1064" y="974" width="75" height="27" />
        <cmp x="1076" y="945" width="14" height="5" />
        <cmp x="1149" y="977" width="46" height="57" />
      </word>
      <word id="a01-132-01-02" tag="VBN" text="limited">
        <cmp x="1264" y="946" width="62" height="53" />
        <cmp x="1313" y="953" width="7" height="7" />
        <cmp x="1332" y="972" width="118" height="28" />
        <cmp x="1433" y="945" width="88" height="51" />
        <cmp x="1528" y="948" width="43" height="56" />
      </word>
      <word id="a01-132-01-03" tag="CC" text="or">
        <cmp x="1642" y="970" width="78" height="34" />
      </word>
      <word id="a01-132-01-04" tag="AT" text="an">
        <cmp x="1775" y="978" width="103" height="31" />
      </word>
      <upper-contour>
        <point x="351" y="831" />
        <point x="1879" y="831" />
      </upper-contour>
      <lower-contour>
        <point x="350" y="1035" />
        <point x="1879" y="1035" />
      </lower-contour>
    </line>
    <line ass="656" asx="0" asy="1128" character-width="999" dss="656" dsx="0" dsy="1253" fd0="14361" fd1="3018" fd2="55" filter-width="4" id="a01-132-02" lbs="788" lbx="0" lby="1199" segmentation="ok" slant="101000" stroke-width="6420" threshold="176" text="adjustment being made in financing.&amp;quot;" ubs="391" ubx="0" uby="1164">
      <word id="a01-132-02-00" tag="NN" text="adjustment">
        <cmp x="352" y="1148" width="57" height="41" />
        <cmp x="415" y="1131" width="169" height="79" />
        <cmp x="479" y="1122" width="7" height="6" />
        <cmp x="602" y="1131" width="106" height="50" />
        <cmp x="642" y="1126" width="13" height="6" />
        <cmp x="716" y="1160" width="38" height="25" />
        <cmp x="726" y="1188" width="35" height="39" />
      </word>
      <word id="a01-132-02-01" tag="BEG" text="being">
        <cmp x="845" y="1133" width="77" height="54" />
        <cmp x="928" y="1158" width="72" height="30" />
        <cmp x="948" y="1133" width="14" height="5" />
        <cmp x="1009" y="1160" width="44" height="66" />
      </word>
      <word id="a01-132-02-02" tag="VBN" text="made">
        <cmp x="1119" y="1137" width="266" height="48" />
      </word>
      <word id="a01-132-02-03" tag="IN" text="in">
        <cmp x="1448" y="1128" width="11" height="6" />
        <cmp x="1456" y="1161" width="75" height="26" />
      </word>
      <word id="a01-132-02-04" tag="NN" text="financing">
        <cmp x="1570" y="1128" width="124" height="70" />
        <cmp x="1642" y="1129" width="9" height="5" />
        <cmp x="1704" y="1155" width="109" height="29" />
        <cmp x="1826" y="1156" width="61" height="27" />
        <cmp x="1871" y="1123" width="7" height="11" />
        <cmp x="1899" y="1157" width="98" height="75" />
      </word>
      <word id="a01-132-02-05" tag="." text=".">
        <cmp x="2016" y="1170" width="7" height="10" />
      </word>
      <word id="a01-132-02-06" tag="**&apos;" text="&quot;">
        <cmp x="2038" y="1122" width="19" height="31" />
      </word>
      <upper-contour>
        <point x="350" y="1035" />
        <point x="1879" y="1035" />
      </upper-contour>
      <lower-contour>
        <point x="350" y="1234" />
        <point x="2012" y="1234" />
      </lower-contour>
    </line>
    <line ass="-135" asx="0" asy="1292" character-width="999" dss="-135" dsx="0" dsy="1395" fd0="13530" fd1="2987" fd2="-360" filter-width="4" id="a01-132-03" lbs="-135" lbx="0" lby="1356" segmentation="ok" slant="96000" stroke-width="6121" threshold="176" text="The Government decided to adjust" ubs="-134" ubx="0" uby="1328">
      <word id="a01-132-03-00" sentence-start="yes" tag="ATI" text="The">
        <cmp x="338" y="1298" width="143" height="54" />
        <cmp x="360" y="1313" width="13" height="39" />
      </word>
      <word id="a01-132-03-01" tag="NN" text="Government">
        <cmp x="572" y="1301" width="118" height="64" />
        <cmp x="704" y="1328" width="216" height="38" />
        <cmp x="934" y="1325" width="212" height="36" />
      </word>
      <word id="a01-132-03-02" tag="VBD" text="decided">
        <cmp x="1219" y="1313" width="96" height="51" />
        <cmp x="1330" y="1330" width="57" height="33" />
        <cmp x="1372" y="1321" width="11" height="7" />
        <cmp x="1407" y="1313" width="146" height="47" />
        <cmp x="1551" y="1303" width="13" height="56" />
      </word>
      <word id="a01-132-03-03" tag="TO" text="to">
        <cmp x="1623" y="1308" width="82" height="57" />
      </word>
      <word id="a01-132-03-04" tag="VB" text="adjust">
        <cmp x="1761" y="1333" width="44" height="32" />
        <cmp x="1807" y="1300" width="166" height="101" />
        <cmp x="1875" y="1298" width="7" height="8" />
        <cmp x="1983" y="1316" width="28" height="39" />
      </word>
      <upper-contour>
        <point x="350" y="1234" />
        <point x="2012" y="1234" />
      </upper-contour>
      <lower-contour>
        <point x="344" y="1397" />
        <point x="1871" y="1397" />
      </lower-contour>
    </line>
    <line ass="369" asx="0" asy="1479" character-width="999" dss="369" dsx="0" dsy="1592" fd0="13657" fd1="2962" fd2="108" filter-width="4" id="a01-132-04" lbs="388" lbx="0" lby="1544" segmentation="ok" slant="97000" stroke-width="6112" threshold="176" text="the financing - which Mr. Powell" ubs="331" ubx="0" uby="1518">
      <word id="a01-132-04-00" tag="ATI" text="the">
        <cmp x="346" y="1487" width="144" height="60" />
      </word>
      <word id="a01-132-04-01" tag="NN" text="financing">
        <cmp x="561" y="1477" width="112" height="77" />
        <cmp x="621" y="1476" width="8" height="5" />
        <cmp x="680" y="1505" width="120" height="35" />
        <cmp x="812" y="1509" width="119" height="35" />
        <cmp x="881" y="1482" width="13" height="8" />
        <cmp x="948" y="1514" width="41" height="72" />
      </word>
      <word id="a01-132-04-02" tag="*-" text="-">
        <cmp x="1023" y="1519" width="58" height="12" />
      </word>
      <word id="a01-132-04-03" tag="WDT" text="which">
        <cmp x="1133" y="1506" width="47" height="32" />
        <cmp x="1189" y="1477" width="77" height="58" />
        <cmp x="1257" y="1479" width="114" height="59" />
      </word>
      <word id="a01-132-04-04" tag="NPT" text="Mr.">
        <cmp x="1445" y="1487" width="52" height="57" />
        <cmp x="1506" y="1510" width="28" height="30" />
        <cmp x="1542" y="1532" width="7" height="12" />
      </word>
      <word id="a01-132-04-05" tag="NP" text="Powell">
        <cmp x="1620" y="1489" width="42" height="41" />
        <cmp x="1665" y="1482" width="205" height="54" />
      </word>
      <upper-contour>
        <point x="344" y="1397" />
        <point x="1871" y="1397" />
      </upper-contour>
      <lower-contour>
        <point x="348" y="1586" />
        <point x="1854" y="1586" />
      </lower-contour>
    </line>
    <line ass="-291" asx="0" asy="1644" character-width="999" dss="-291" dsx="0" dsy="1761" fd0="14418" fd1="2846" fd2="-78" filter-width="4" id="a01-132-05" lbs="-318" lbx="0" lby="1708" segmentation="ok" slant="98000" stroke-width="6401" threshold="176" text="claimed was underpinning - not" ubs="-236" ubx="0" uby="1685">
      <word id="a01-132-05-00" tag="VBD" text="claimed">
        <cmp x="350" y="1653" width="232" height="64" />
        <cmp x="480" y="1652" width="6" height="5" />
        <cmp x="592" y="1668" width="98" height="50" />
      </word>
      <word id="a01-132-05-01" tag="BEDZ" text="was">
        <cmp x="777" y="1687" width="75" height="32" />
        <cmp x="847" y="1687" width="99" height="35" />
      </word>
      <word id="a01-132-05-02" tag="VBG" text="underpinning">
        <cmp x="1021" y="1671" width="226" height="51" />
        <cmp x="1265" y="1684" width="124" height="73" />
        <cmp x="1327" y="1652" width="12" height="7" />
        <cmp x="1396" y="1692" width="85" height="24" />
        <cmp x="1467" y="1676" width="6" height="5" />
        <cmp x="1485" y="1693" width="116" height="26" />
        <cmp x="1570" y="1721" width="33" height="48" />
      </word>
      <word id="a01-132-05-03" tag="*-" text="-">
        <cmp x="1642" y="1700" width="48" height="9" />
      </word>
      <word id="a01-132-05-04" tag="XNOT" text="not">
        <cmp x="1726" y="1686" width="89" height="32" />
        <cmp x="1824" y="1666" width="29" height="52" />
      </word>
      <upper-contour>
        <point x="348" y="1586" />
        <point x="1854" y="1586" />
      </upper-contour>
      <lower-contour>
        <point x="348" y="1770" />
        <point x="1854" y="1770" />
      </lower-contour>
    </line>
    <line ass="-140" asx="0" asy="1823" character-width="999" dss="-140" dsx="0" dsy="1948" fd0="14160" fd1="3129" fd2="263" filter-width="4" id="a01-132-06" lbs="-170" lbx="0" lby="1886" segmentation="ok" slant="97000" stroke-width="6316" threshold="176" text="undermining - the service. Answering the" ubs="-79" ubx="0" uby="1864">
      <word id="a01-132-06-00" tag="VBG" text="undermining">
        <cmp x="339" y="1834" width="214" height="60" />
        <cmp x="566" y="1863" width="107" height="30" />
        <cmp x="657" y="1846" width="8" height="6" />
        <cmp x="678" y="1857" width="94" height="41" />
        <cmp x="788" y="1872" width="96" height="26" />
        <cmp x="849" y="1898" width="38" height="53" />
      </word>
      <word id="a01-132-06-01" tag="*-" text="-">
        <cmp x="934" y="1875" width="44" height="9" />
      </word>
      <word id="a01-132-06-02" tag="ATI" text="the">
        <cmp x="1021" y="1835" width="118" height="57" />
      </word>
      <word id="a01-132-06-03" tag="NN" text="service">
        <cmp x="1200" y="1857" width="107" height="37" />
        <cmp x="1324" y="1864" width="50" height="34" />
        <cmp x="1358" y="1846" width="8" height="6" />
        <cmp x="1398" y="1862" width="79" height="36" />
      </word>
      <word id="a01-132-06-04" tag="." text=".">
        <cmp x="1508" y="1884" width="7" height="9" />
      </word>
      <word id="a01-132-06-05" sentence-start="yes" tag="VBG" text="Answering">
        <cmp x="1567" y="1833" width="93" height="64" />
        <cmp x="1676" y="1857" width="171" height="37" />
        <cmp x="1859" y="1867" width="75" height="26" />
        <cmp x="1878" y="1829" width="14" height="9" />
        <cmp x="1944" y="1867" width="50" height="76" />
      </word>
      <word id="a01-132-06-06" tag="ATI" text="the">
        <cmp x="2034" y="1831" width="150" height="66" />
      </word>
      <upper-contour>
        <point x="348" y="1770" />
        <point x="1854" y="1770" />
      </upper-contour>
      <lower-contour>
        <point x="344" y="1951" />
        <point x="2185" y="1951" />
      </lower-contour>
    </line>
    <line ass="232" asx="0" asy="2017" character-width="999" dss="232" dsx="0" dsy="2139" fd0="13377" fd1="2571" fd2="-358" filter-width="4" id="a01-132-07" lbs="210" lbx="0" lby="2077" segmentation="ok" slant="97000" stroke-width="5958" threshold="176" text="attack on &amp;quot;economic charges&amp;quot; for welfare" ubs="277" ubx="0" uby="2051">
      <word id="a01-132-07-00" tag="NN" text="attack">
        <cmp x="346" y="2045" width="55" height="29" />
        <cmp x="413" y="2017" width="95" height="64" />
        <cmp x="520" y="2048" width="46" height="29" />
        <cmp x="566" y="2018" width="44" height="57" />
      </word>
      <word id="a01-132-07-01" tag="IN" text="on">
        <cmp x="676" y="2047" width="92" height="27" />
      </word>
      <word id="a01-132-07-02" tag="*&apos;" text="&quot;">
        <cmp x="826" y="2020" width="18" height="28" />
      </word>
      <word id="a01-132-07-03" tag="JJ" text="economic">
        <cmp x="873" y="2042" width="41" height="32" />
        <cmp x="924" y="2044" width="68" height="32" />
        <cmp x="1011" y="2048" width="90" height="32" />
        <cmp x="1117" y="2050" width="134" height="33" />
        <cmp x="1169" y="2021" width="6" height="5" />
        <cmp x="1214" y="2050" width="5" height="6" />
      </word>
      <word id="a01-132-07-04" tag="NNS" text="charges">
        <cmp x="1301" y="2019" width="175" height="62" />
        <cmp x="1495" y="2038" width="115" height="85" />
      </word>
      <word id="a01-132-07-05" tag="**&apos;" text="&quot;">
        <cmp x="1638" y="2021" width="14" height="24" />
      </word>
      <word id="a01-132-07-06" tag="IN" text="for">
        <cmp x="1712" y="2018" width="76" height="90" />
        <cmp x="1795" y="2038" width="33" height="30" />
      </word>
      <word id="a01-132-07-07" tag="NN" text="welfare">
        <cmp x="1899" y="2015" width="170" height="58" />
        <cmp x="2092" y="2011" width="143" height="121" />
      </word>
      <upper-contour>
        <point x="344" y="1951" />
        <point x="2185" y="1951" />
      </upper-contour>
      <lower-contour>
        <point x="347" y="2134" />
        <point x="2168" y="2134" />
      </lower-contour>
    </line>
    <line ass="382" asx="0" asy="2187" character-width="999" dss="382" dsx="0" dsy="2294" fd0="13048" fd1="2541" fd2="-475" filter-width="4" id="a01-132-08" lbs="437" lbx="0" lby="2263" segmentation="ok" slant="94000" stroke-width="5976" threshold="176" text="foods, Mr. Powell said that all these" ubs="271" ubx="0" uby="2229">
      <word id="a01-132-08-00" tag="NNS" text="foods">
        <cmp x="349" y="2185" width="183" height="107" />
        <cmp x="536" y="2193" width="56" height="66" />
      </word>
      <word id="a01-132-08-01" tag="," text=",">
        <cmp x="615" y="2252" width="8" height="19" />
      </word>
      <word id="a01-132-08-02" tag="NPT" text="Mr.">
        <cmp x="706" y="2203" width="57" height="56" />
        <cmp x="777" y="2225" width="30" height="31" />
        <cmp x="816" y="2245" width="8" height="16" />
      </word>
      <word id="a01-132-08-03" tag="NP" text="Powell">
        <cmp x="887" y="2203" width="48" height="47" />
        <cmp x="940" y="2200" width="267" height="62" />
      </word>
      <word id="a01-132-08-04" tag="VBD" text="said">
        <cmp x="1277" y="2218" width="129" height="43" />
        <cmp x="1417" y="2229" width="39" height="32" />
        <cmp x="1454" y="2206" width="10" height="55" />
      </word>
      <word id="a01-132-08-05" tag="CS" text="that">
        <cmp x="1529" y="2191" width="125" height="62" />
        <cmp x="1656" y="2232" width="29" height="22" />
        <cmp x="1682" y="2199" width="38" height="52" />
      </word>
      <word id="a01-132-08-06" tag="ABN" text="all">
        <cmp x="1774" y="2194" width="107" height="55" />
      </word>
      <word id="a01-132-08-07" tag="DTS" text="these">
        <cmp x="1945" y="2185" width="222" height="69" />
      </word>
      <upper-contour>
        <point x="347" y="2134" />
        <point x="2168" y="2134" />
      </upper-contour>
      <lower-contour>
        <point x="354" y="2291" />
        <point x="2154" y="2291" />
      </lower-contour>
    </line>
    <line ass="153" asx="0" asy="2360" character-width="999" dss="153" dsx="0" dsy="2478" fd0="13352" fd1="2747" fd2="-142" filter-width="4" id="a01-132-09" lbs="218" lbx="0" lby="2436" segmentation="ok" slant="92999" stroke-width="6028" threshold="176" text="foods would still be free in families" ubs="23" ubx="0" uby="2400">
      <word id="a01-132-09-00" tag="NNS" text="foods">
        <cmp x="356" y="2358" width="134" height="109" />
        <cmp x="511" y="2397" width="33" height="30" />
        <cmp x="545" y="2367" width="54" height="60" />
      </word>
      <word id="a01-132-09-01" tag="MD" text="would">
        <cmp x="685" y="2377" width="212" height="56" />
        <cmp x="905" y="2374" width="51" height="68" />
      </word>
      <word id="a01-132-09-02" tag="RB" text="still">
        <cmp x="1038" y="2387" width="81" height="51" />
        <cmp x="1110" y="2369" width="11" height="5" />
        <cmp x="1115" y="2378" width="72" height="63" />
      </word>
      <word id="a01-132-09-03" tag="BE" text="be">
        <cmp x="1275" y="2381" width="109" height="52" />
      </word>
      <word id="a01-132-09-04" tag="JJ" text="free">
        <cmp x="1456" y="2366" width="136" height="105" />
      </word>
      <word id="a01-132-09-05" tag="IN" text="in">
        <cmp x="1650" y="2401" width="85" height="27" />
        <cmp x="1677" y="2359" width="16" height="8" />
      </word>
      <word id="a01-132-09-06" tag="NNS" text="families">
        <cmp x="1785" y="2357" width="225" height="118" />
        <cmp x="1996" y="2364" width="68" height="66" />
        <cmp x="2053" y="2378" width="8" height="8" />
        <cmp x="2082" y="2392" width="71" height="37" />
      </word>
      <upper-contour>
        <point x="354" y="2291" />
        <point x="2154" y="2291" />
      </upper-contour>
      <lower-contour>
        <point x="360" y="2476" />
        <point x="2139" y="2476" />
      </lower-contour>
    </line>
    <line ass="157" asx="0" asy="2553" character-width="999" dss="157" dsx="0" dsy="2658" fd0="14029" fd1="2319" fd2="-869" filter-width="4" id="a01-132-10" lbs="147" lbx="0" lby="2609" segmentation="ok" slant="100000" stroke-width="6134" threshold="176" text="receiving regular National Assistance" ubs="178" ubx="0" uby="2581">
      <word id="a01-132-10-00" tag="VBG" text="receiving">
        <cmp x="362" y="2573" width="88" height="40" />
        <cmp x="463" y="2571" width="98" height="38" />
        <cmp x="545" y="2560" width="8" height="5" />
        <cmp x="579" y="2579" width="113" height="34" />
        <cmp x="634" y="2557" width="13" height="6" />
        <cmp x="701" y="2586" width="38" height="28" />
        <cmp x="715" y="2604" width="44" height="53" />
      </word>
      <word id="a01-132-10-01" tag="JJ" text="regular">
        <cmp x="845" y="2576" width="74" height="38" />
        <cmp x="934" y="2556" width="146" height="95" />
        <cmp x="1084" y="2578" width="84" height="32" />
      </word>
      <word id="a01-132-10-02" tag="JJ" text="National">
        <cmp x="1251" y="2559" width="49" height="45" />
        <cmp x="1320" y="2552" width="127" height="53" />
        <cmp x="1434" y="2549" width="8" height="7" />
        <cmp x="1458" y="2550" width="193" height="59" />
      </word>
      <word id="a01-132-10-03" tag="NN" text="Assistance">
        <cmp x="1715" y="2551" width="55" height="64" />
        <cmp x="1780" y="2566" width="97" height="44" />
        <cmp x="1862" y="2561" width="8" height="8" />
        <cmp x="1889" y="2573" width="19" height="32" />
        <cmp x="1919" y="2549" width="73" height="61" />
        <cmp x="1994" y="2583" width="66" height="24" />
        <cmp x="2082" y="2575" width="56" height="34" />
      </word>
      <upper-contour>
        <point x="360" y="2476" />
        <point x="2139" y="2476" />
      </upper-contour>
      <lower-contour>
        <point x="360" y="2656" />
        <point x="942" y="2656" />
      </lower-contour>
    </line>
    <line ass="105" asx="0" asy="2717" character-width="999" dss="105" dsx="0" dsy="2802" fd0="13608" fd1="2801" fd2="-135" filter-width="3" id="a01-132-11" lbs="949" lbx="0" lby="2777" segmentation="err" slant="100000" stroke-width="5070" threshold="176" text="grants." ubs="-1581" ubx="0" uby="2729">
      <word id="a01-132-11-00" tag="NNS" text="grants">
        <cmp x="349" y="2737" width="593" height="67" />
        <cmp x="613" y="2717" width="48" height="49" />
      </word>
      <word id="a01-132-11-01" tag="." text=".">
        <cmp x="681" y="2759" width="8" height="10" />
      </word>
      <upper-contour>
        <point x="360" y="2656" />
        <point x="942" y="2656" />
      </upper-contour>
    </line>
  </handwritten-part>
</form>

