<?xml version="1.0" encoding="ISO-8859-1"?>

<!DOCTYPE form SYSTEM 'http://www.iam.unibe.ch/~fki/iamdb/form-metadata.dtd'>

<form created="2002-01-15" height="3542" id="a01-091" last-modified="2002-07-17" skew="30" status="final" version="3.0_beta" width="2479" writer-id="016">
  <machine-printed-part>
    <machine-print-line text="The result of the vote was not in doubt. For the Tories were massed in answer to their" />
    <machine-print-line text="whips to defeat a censure motion on the Government for &amp;quot;undermining the Health" />
    <machine-print-line text="Service&amp;quot; and placing heavy burdens on those least able to bear them. Mr. Brown" />
    <machine-print-line text="declared that the policy under censure was monstrous. It had offended many people" />
    <machine-print-line text="far beyond the ranks of Labour supporters." />
  </machine-printed-part>
  <handwritten-part>
    <line ass="-150" asx="0" asy="695" character-width="999" dss="-150" dsx="0" dsy="889" fd0="12938" fd1="2950" fd2="-322" filter-width="4" id="a01-091-00" lbs="-63" lbx="0" lby="833" segmentation="ok" slant="82000" stroke-width="6037" threshold="182" text="The result of the vote was not in" ubs="-323" ubx="0" uby="788">
      <word id="a01-091-00-00" sentence-start="yes" tag="ATI" text="The">
        <cmp x="372" y="745" width="66" height="24" />
        <cmp x="375" y="752" width="39" height="83" />
        <cmp x="427" y="745" width="94" height="85" />
      </word>
      <word id="a01-091-00-01" tag="NN" text="result">
        <cmp x="593" y="779" width="26" height="56" />
        <cmp x="612" y="791" width="88" height="46" />
        <cmp x="710" y="724" width="150" height="114" />
      </word>
      <word id="a01-091-00-02" tag="INO" text="of">
        <cmp x="914" y="797" width="42" height="43" />
        <cmp x="958" y="740" width="34" height="152" />
      </word>
      <word id="a01-091-00-03" tag="ATI" text="the">
        <cmp x="1050" y="799" width="23" height="20" />
        <cmp x="1062" y="736" width="30" height="112" />
        <cmp x="1096" y="738" width="96" height="103" />
      </word>
      <word id="a01-091-00-04" tag="NN" text="vote">
        <cmp x="1237" y="729" width="188" height="109" />
      </word>
      <word id="a01-091-00-05" tag="BEDZ" text="was">
        <cmp x="1483" y="782" width="63" height="60" />
        <cmp x="1553" y="794" width="78" height="47" />
      </word>
      <word id="a01-091-00-06" tag="XNOT" text="not">
        <cmp x="1696" y="761" width="87" height="67" />
        <cmp x="1775" y="700" width="54" height="145" />
      </word>
      <word id="a01-091-00-07" tag="IN" text="in">
        <cmp x="1882" y="798" width="20" height="39" />
        <cmp x="1911" y="744" width="9" height="18" />
        <cmp x="1924" y="798" width="45" height="27" />
      </word>
      <lower-contour>
        <point x="370" y="892" />
        <point x="1970" y="892" />
      </lower-contour>
    </line>
    <line ass="547" asx="0" asy="910" character-width="999" dss="547" dsx="0" dsy="1043" fd0="13292" fd1="2449" fd2="-886" filter-width="4" id="a01-091-01" lbs="514" lbx="0" lby="1031" segmentation="ok" slant="76000" stroke-width="6013" threshold="182" text="doubt. For the Tories were massed" ubs="611" ubx="0" uby="993">
      <word id="a01-091-01-00" tag="NN" text="doubt">
        <cmp x="361" y="920" width="70" height="109" />
        <cmp x="433" y="985" width="37" height="42" />
        <cmp x="485" y="985" width="60" height="41" />
        <cmp x="546" y="905" width="117" height="127" />
      </word>
      <word id="a01-091-01-01" tag="." text=".">
        <cmp x="700" y="1019" width="12" height="8" />
      </word>
      <word id="a01-091-01-02" sentence-start="yes" tag="CS" text="For">
        <cmp x="786" y="915" width="90" height="20" />
        <cmp x="802" y="936" width="132" height="95" />
      </word>
      <word id="a01-091-01-03" tag="ATI" text="the">
        <cmp x="994" y="909" width="55" height="115" />
        <cmp x="1046" y="918" width="88" height="114" />
      </word>
      <word id="a01-091-01-04" tag="NNS" text="Tories">
        <cmp x="1207" y="915" width="75" height="17" />
        <cmp x="1217" y="931" width="31" height="101" />
        <cmp x="1243" y="980" width="97" height="48" />
        <cmp x="1356" y="986" width="19" height="36" />
        <cmp x="1377" y="939" width="15" height="18" />
        <cmp x="1378" y="982" width="85" height="39" />
      </word>
      <word id="a01-091-01-05" tag="BED" text="were">
        <cmp x="1547" y="957" width="65" height="69" />
        <cmp x="1624" y="974" width="69" height="49" />
        <cmp x="1698" y="975" width="48" height="46" />
      </word>
      <word id="a01-091-01-06" tag="VBN" text="massed">
        <cmp x="1812" y="946" width="75" height="64" />
        <cmp x="1892" y="968" width="169" height="48" />
        <cmp x="2066" y="934" width="65" height="82" />
      </word>
      <upper-contour>
        <point x="370" y="892" />
        <point x="1970" y="892" />
      </upper-contour>
      <lower-contour>
        <point x="361" y="1032" />
        <point x="2125" y="1032" />
      </lower-contour>
    </line>
    <line ass="405" asx="0" asy="1098" character-width="999" dss="405" dsx="0" dsy="1267" fd0="13044" fd1="2805" fd2="-385" filter-width="4" id="a01-091-02" lbs="437" lbx="0" lby="1204" segmentation="ok" slant="73000" stroke-width="5980" threshold="182" text="in answer to their whips to defeat a" ubs="341" ubx="0" uby="1165">
      <word id="a01-091-02-00" tag="IN" text="in">
        <cmp x="363" y="1148" width="17" height="47" />
        <cmp x="379" y="1112" width="9" height="13" />
        <cmp x="390" y="1158" width="47" height="32" />
      </word>
      <word id="a01-091-02-01" tag="NN" text="answer">
        <cmp x="511" y="1153" width="57" height="48" />
        <cmp x="568" y="1160" width="68" height="37" />
        <cmp x="626" y="1161" width="24" height="45" />
        <cmp x="658" y="1164" width="68" height="42" />
        <cmp x="743" y="1162" width="74" height="41" />
      </word>
      <word id="a01-091-02-02" tag="IN" text="to">
        <cmp x="908" y="1102" width="77" height="117" />
      </word>
      <word id="a01-091-02-03" tag="PP$" text="their">
        <cmp x="1050" y="1091" width="55" height="112" />
        <cmp x="1097" y="1106" width="97" height="103" />
        <cmp x="1187" y="1144" width="10" height="11" />
        <cmp x="1208" y="1151" width="28" height="43" />
      </word>
      <word id="a01-091-02-04" tag="NNS" text="whips">
        <cmp x="1296" y="1131" width="71" height="62" />
        <cmp x="1378" y="1092" width="64" height="99" />
        <cmp x="1457" y="1115" width="16" height="14" />
        <cmp x="1467" y="1153" width="90" height="72" />
      </word>
      <word id="a01-091-02-05" tag="TO" text="to">
        <cmp x="1641" y="1093" width="66" height="112" />
      </word>
      <word id="a01-091-02-06" tag="VB" text="defeat">
        <cmp x="1755" y="1096" width="80" height="106" />
        <cmp x="1824" y="1118" width="135" height="138" />
        <cmp x="1973" y="1091" width="55" height="97" />
      </word>
      <word id="a01-091-02-07" tag="AT" text="a">
        <cmp x="2057" y="1147" width="67" height="50" />
      </word>
      <upper-contour>
        <point x="361" y="1032" />
        <point x="2125" y="1032" />
      </upper-contour>
      <lower-contour>
        <point x="361" y="1256" />
        <point x="2088" y="1256" />
      </lower-contour>
    </line>
    <line ass="57" asx="0" asy="1263" character-width="999" dss="57" dsx="0" dsy="1444" fd0="13180" fd1="2353" fd2="-1061" filter-width="4" id="a01-091-03" lbs="23" lbx="0" lby="1374" segmentation="ok" slant="76000" stroke-width="6084" threshold="179" text="censure motion on the Government for" ubs="123" ubx="0" uby="1339">
      <word id="a01-091-03-00" tag="NN" text="censure">
        <cmp x="355" y="1318" width="84" height="57" />
        <cmp x="443" y="1328" width="87" height="53" />
        <cmp x="539" y="1336" width="78" height="41" />
        <cmp x="636" y="1325" width="40" height="52" />
      </word>
      <word id="a01-091-03-01" tag="NN" text="motion">
        <cmp x="725" y="1317" width="132" height="60" />
        <cmp x="869" y="1274" width="37" height="108" />
        <cmp x="907" y="1302" width="11" height="11" />
        <cmp x="912" y="1343" width="91" height="40" />
      </word>
      <word id="a01-091-03-02" tag="IN" text="on">
        <cmp x="1056" y="1333" width="107" height="39" />
      </word>
      <word id="a01-091-03-03" tag="ATI" text="the">
        <cmp x="1240" y="1263" width="49" height="104" />
        <cmp x="1291" y="1275" width="94" height="104" />
      </word>
      <word id="a01-091-03-04" tag="NN" text="Government">
        <cmp x="1436" y="1263" width="107" height="181" />
        <cmp x="1550" y="1323" width="49" height="53" />
        <cmp x="1593" y="1323" width="89" height="54" />
        <cmp x="1684" y="1327" width="50" height="48" />
        <cmp x="1734" y="1319" width="142" height="60" />
        <cmp x="1887" y="1271" width="44" height="92" />
      </word>
      <word id="a01-091-03-05" tag="IN" text="for">
        <cmp x="1973" y="1270" width="114" height="151" />
      </word>
      <upper-contour>
        <point x="361" y="1256" />
        <point x="2088" y="1256" />
      </upper-contour>
      <lower-contour>
        <point x="363" y="1445" />
        <point x="2062" y="1445" />
      </lower-contour>
    </line>
    <line ass="4" asx="0" asy="1448" character-width="999" dss="4" dsx="0" dsy="1624" fd0="13183" fd1="2419" fd2="-974" filter-width="4" id="a01-091-04" lbs="-16" lbx="0" lby="1549" segmentation="ok" slant="81000" stroke-width="5957" threshold="182" text="&amp;quot;undermining the Health Service&amp;quot; and" ubs="47" ubx="0" uby="1516">
      <word id="a01-091-04-00" tag="*&apos;" text="&quot;">
        <cmp x="365" y="1457" width="23" height="35" />
        <cmp x="385" y="1459" width="22" height="40" />
      </word>
      <word id="a01-091-04-01" tag="VBG" text="undermining">
        <cmp x="412" y="1482" width="239" height="82" />
        <cmp x="667" y="1509" width="107" height="49" />
        <cmp x="775" y="1487" width="11" height="9" />
        <cmp x="783" y="1513" width="67" height="50" />
        <cmp x="849" y="1501" width="12" height="7" />
        <cmp x="867" y="1521" width="76" height="104" />
      </word>
      <word id="a01-091-04-02" tag="ATI" text="the">
        <cmp x="1028" y="1454" width="37" height="103" />
        <cmp x="1069" y="1454" width="93" height="111" />
      </word>
      <word id="a01-091-04-03" tag="NN" text="Health">
        <cmp x="1213" y="1449" width="59" height="103" />
        <cmp x="1259" y="1504" width="40" height="48" />
        <cmp x="1304" y="1451" width="135" height="117" />
        <cmp x="1444" y="1470" width="45" height="95" />
      </word>
      <word id="a01-091-04-04" tag="NN" text="Service">
        <cmp x="1535" y="1450" width="43" height="88" />
        <cmp x="1575" y="1507" width="61" height="43" />
        <cmp x="1641" y="1507" width="59" height="54" />
        <cmp x="1704" y="1493" width="15" height="12" />
        <cmp x="1729" y="1512" width="80" height="43" />
      </word>
      <word id="a01-091-04-05" tag="**&apos;" text="&quot;">
        <cmp x="1831" y="1449" width="13" height="31" />
        <cmp x="1855" y="1449" width="10" height="38" />
      </word>
      <word id="a01-091-04-06" tag="CC" text="and">
        <cmp x="1909" y="1508" width="44" height="45" />
        <cmp x="1959" y="1518" width="40" height="32" />
        <cmp x="2009" y="1483" width="52" height="68" />
      </word>
      <upper-contour>
        <point x="363" y="1445" />
        <point x="2062" y="1445" />
      </upper-contour>
      <lower-contour>
        <point x="363" y="1625" />
        <point x="1126" y="1568" />
        <point x="2062" y="1568" />
      </lower-contour>
    </line>
    <line ass="-142" asx="0" asy="1612" character-width="999" dss="-142" dsx="0" dsy="1817" fd0="13509" fd1="2939" fd2="-274" filter-width="4" id="a01-091-05" lbs="-99" lbx="0" lby="1722" segmentation="ok" slant="72000" stroke-width="6227" threshold="182" text="placing heavy burdens on those least" ubs="-230" ubx="0" uby="1689">
      <word id="a01-091-05-00" tag="VBG" text="placing">
        <cmp x="331" y="1683" width="79" height="121" />
        <cmp x="432" y="1644" width="26" height="80" />
        <cmp x="463" y="1683" width="51" height="41" />
        <cmp x="522" y="1683" width="56" height="50" />
        <cmp x="586" y="1663" width="9" height="9" />
        <cmp x="594" y="1695" width="76" height="126" />
      </word>
      <word id="a01-091-05-01" tag="JJ" text="heavy">
        <cmp x="792" y="1634" width="84" height="103" />
        <cmp x="876" y="1695" width="50" height="41" />
        <cmp x="930" y="1692" width="29" height="33" />
        <cmp x="970" y="1695" width="46" height="104" />
      </word>
      <word id="a01-091-05-02" tag="NNS" text="burdens">
        <cmp x="1094" y="1619" width="45" height="122" />
        <cmp x="1145" y="1686" width="90" height="48" />
        <cmp x="1234" y="1652" width="171" height="79" />
      </word>
      <word id="a01-091-05-03" tag="IN" text="on">
        <cmp x="1485" y="1687" width="108" height="41" />
      </word>
      <word id="a01-091-05-04" tag="DTS" text="those">
        <cmp x="1654" y="1617" width="56" height="112" />
        <cmp x="1694" y="1627" width="41" height="104" />
        <cmp x="1739" y="1693" width="132" height="40" />
      </word>
      <word id="a01-091-05-05" tag="QL" text="least">
        <cmp x="1920" y="1641" width="98" height="88" />
        <cmp x="2020" y="1633" width="171" height="100" />
      </word>
      <upper-contour>
        <point x="363" y="1625" />
        <point x="1126" y="1568" />
        <point x="2062" y="1568" />
      </upper-contour>
      <lower-contour>
        <point x="355" y="1820" />
        <point x="636" y="1821" />
        <point x="1121" y="1734" />
        <point x="1931" y="1734" />
      </lower-contour>
    </line>
    <line ass="-8" asx="0" asy="1810" character-width="999" dss="-8" dsx="0" dsy="1926" fd0="13552" fd1="2542" fd2="-852" filter-width="4" id="a01-091-06" lbs="44" lbx="0" lby="1913" segmentation="ok" slant="66999" stroke-width="6054" threshold="182" text="able to bear them. Mr. Brown" ubs="-113" ubx="0" uby="1875">
      <word id="a01-091-06-00" tag="JJ" text="able">
        <cmp x="357" y="1867" width="74" height="46" />
        <cmp x="434" y="1821" width="139" height="99" />
      </word>
      <word id="a01-091-06-01" tag="TO" text="to">
        <cmp x="659" y="1831" width="75" height="82" />
      </word>
      <word id="a01-091-06-02" tag="VB" text="bear">
        <cmp x="806" y="1825" width="40" height="100" />
        <cmp x="847" y="1873" width="43" height="42" />
        <cmp x="896" y="1874" width="99" height="40" />
      </word>
      <word id="a01-091-06-03" tag="PP3OS" text="them">
        <cmp x="1076" y="1811" width="56" height="95" />
        <cmp x="1122" y="1817" width="86" height="90" />
        <cmp x="1216" y="1868" width="95" height="40" />
      </word>
      <word id="a01-091-06-04" tag="." text=".">
        <cmp x="1328" y="1915" width="11" height="8" />
      </word>
      <word id="a01-091-06-05" sentence-start="yes" tag="NPT" text="Mr.">
        <cmp x="1415" y="1813" width="117" height="100" />
        <cmp x="1528" y="1869" width="35" height="45" />
        <cmp x="1568" y="1906" width="21" height="8" />
      </word>
      <word id="a01-091-06-06" tag="NP" text="Brown">
        <cmp x="1653" y="1816" width="84" height="112" />
        <cmp x="1705" y="1814" width="6" height="5" />
        <cmp x="1730" y="1878" width="47" height="35" />
        <cmp x="1791" y="1875" width="65" height="36" />
        <cmp x="1876" y="1881" width="54" height="27" />
      </word>
      <upper-contour>
        <point x="355" y="1820" />
        <point x="636" y="1821" />
        <point x="1121" y="1734" />
        <point x="1931" y="1734" />
      </upper-contour>
      <lower-contour>
        <point x="355" y="1928" />
        <point x="1931" y="1928" />
      </lower-contour>
    </line>
    <line ass="628" asx="0" asy="1988" character-width="999" dss="628" dsx="0" dsy="2159" fd0="13513" fd1="2470" fd2="-830" filter-width="4" id="a01-091-07" lbs="659" lbx="0" lby="2099" segmentation="ok" slant="70000" stroke-width="6201" threshold="182" text="declared that the policy under censure" ubs="567" ubx="0" uby="2060">
      <word id="a01-091-07-00" tag="VBD" text="declared">
        <cmp x="339" y="2010" width="99" height="89" />
        <cmp x="442" y="2048" width="48" height="54" />
        <cmp x="500" y="1999" width="125" height="104" />
        <cmp x="618" y="2057" width="45" height="41" />
        <cmp x="676" y="2018" width="74" height="80" />
      </word>
      <word id="a01-091-07-01" tag="CS" text="that">
        <cmp x="812" y="1999" width="58" height="108" />
        <cmp x="865" y="1978" width="161" height="116" />
      </word>
      <word id="a01-091-07-02" tag="ATI" text="the">
        <cmp x="1083" y="1997" width="62" height="103" />
        <cmp x="1141" y="2006" width="91" height="76" />
      </word>
      <word id="a01-091-07-03" tag="NN" text="policy">
        <cmp x="1289" y="2040" width="46" height="93" />
        <cmp x="1346" y="1995" width="101" height="91" />
        <cmp x="1454" y="2024" width="10" height="13" />
        <cmp x="1473" y="2046" width="72" height="98" />
      </word>
      <word id="a01-091-07-04" tag="IN" text="under">
        <cmp x="1619" y="2017" width="121" height="79" />
        <cmp x="1742" y="1999" width="106" height="81" />
      </word>
      <word id="a01-091-07-05" tag="NN" text="censure">
        <cmp x="1889" y="2019" width="130" height="57" />
        <cmp x="2019" y="2040" width="25" height="42" />
        <cmp x="2054" y="2038" width="82" height="44" />
        <cmp x="2132" y="2045" width="55" height="38" />
      </word>
      <upper-contour>
        <point x="355" y="1928" />
        <point x="1931" y="1928" />
      </upper-contour>
      <lower-contour>
        <point x="340" y="2144" />
        <point x="2153" y="2144" />
      </lower-contour>
    </line>
    <line ass="605" asx="0" asy="2169" character-width="999" dss="605" dsx="0" dsy="2340" fd0="13433" fd1="2804" fd2="-663" filter-width="4" id="a01-091-08" lbs="589" lbx="0" lby="2273" segmentation="ok" slant="73000" stroke-width="6114" threshold="179" text="was monstrous. It had offended many" ubs="636" ubx="0" uby="2238">
      <word id="a01-091-08-00" tag="BEDZ" text="was">
        <cmp x="342" y="2202" width="71" height="63" />
        <cmp x="430" y="2226" width="104" height="41" />
      </word>
      <word id="a01-091-08-01" tag="JJ" text="monstrous">
        <cmp x="613" y="2221" width="187" height="53" />
        <cmp x="810" y="2223" width="43" height="48" />
        <cmp x="858" y="2179" width="53" height="87" />
        <cmp x="916" y="2227" width="37" height="36" />
        <cmp x="967" y="2224" width="101" height="49" />
      </word>
      <word id="a01-091-08-02" tag="." text=".">
        <cmp x="1113" y="2269" width="15" height="9" />
      </word>
      <word id="a01-091-08-03" sentence-start="yes" tag="PP3" text="It">
        <cmp x="1215" y="2158" width="46" height="98" />
        <cmp x="1251" y="2158" width="50" height="110" />
      </word>
      <word id="a01-091-08-04" tag="HVD" text="had">
        <cmp x="1358" y="2159" width="158" height="103" />
      </word>
      <word id="a01-091-08-05" tag="VBN" text="offended">
        <cmp x="1589" y="2221" width="41" height="43" />
        <cmp x="1629" y="2158" width="93" height="156" />
        <cmp x="1702" y="2205" width="59" height="58" />
        <cmp x="1752" y="2214" width="44" height="39" />
        <cmp x="1803" y="2165" width="153" height="90" />
      </word>
      <word id="a01-091-08-06" tag="AP" text="many">
        <cmp x="1994" y="2197" width="158" height="122" />
      </word>
      <upper-contour>
        <point x="340" y="2144" />
        <point x="2153" y="2144" />
      </upper-contour>
      <lower-contour>
        <point x="366" y="2314" />
        <point x="2096" y="2314" />
      </lower-contour>
    </line>
    <line ass="338" asx="0" asy="2338" character-width="999" dss="338" dsx="0" dsy="2528" fd0="12695" fd1="2494" fd2="-848" filter-width="4" id="a01-091-09" lbs="306" lbx="0" lby="2453" segmentation="ok" slant="79000" stroke-width="6173" threshold="179" text="people far beyond the ranks of Labour" ubs="400" ubx="0" uby="2418">
      <word id="a01-091-09-00" tag="NNS" text="people">
        <cmp x="368" y="2404" width="43" height="109" />
        <cmp x="413" y="2404" width="88" height="54" />
        <cmp x="500" y="2397" width="40" height="90" />
        <cmp x="555" y="2356" width="73" height="97" />
      </word>
      <word id="a01-091-09-01" tag="RB" text="far">
        <cmp x="684" y="2358" width="47" height="166" />
        <cmp x="723" y="2415" width="91" height="46" />
      </word>
      <word id="a01-091-09-02" tag="IN" text="beyond">
        <cmp x="876" y="2353" width="75" height="100" />
        <cmp x="956" y="2408" width="39" height="103" />
        <cmp x="1006" y="2365" width="165" height="88" />
      </word>
      <word id="a01-091-09-03" tag="ATI" text="the">
        <cmp x="1248" y="2352" width="132" height="104" />
      </word>
      <word id="a01-091-09-04" tag="NNS" text="ranks">
        <cmp x="1410" y="2399" width="25" height="43" />
        <cmp x="1440" y="2410" width="108" height="34" />
        <cmp x="1558" y="2355" width="44" height="93" />
        <cmp x="1603" y="2399" width="31" height="41" />
      </word>
      <word id="a01-091-09-05" tag="INO" text="of">
        <cmp x="1706" y="2337" width="99" height="165" />
      </word>
      <word id="a01-091-09-06" tag="NN" text="Labour">
        <cmp x="1836" y="2345" width="82" height="111" />
        <cmp x="1937" y="2328" width="37" height="114" />
        <cmp x="1983" y="2405" width="39" height="33" />
        <cmp x="2029" y="2404" width="66" height="37" />
      </word>
      <upper-contour>
        <point x="366" y="2314" />
        <point x="2096" y="2314" />
      </upper-contour>
      <lower-contour>
        <point x="388" y="2524" />
        <point x="901" y="2524" />
      </lower-contour>
    </line>
    <line ass="-333" asx="0" asy="2535" character-width="999" dss="-333" dsx="0" dsy="2692" fd0="12221" fd1="2704" fd2="-569" filter-width="4" id="a01-091-10" lbs="-398" lbx="0" lby="2627" segmentation="ok" slant="86000" stroke-width="6316" threshold="178" text="supporters." ubs="-203" ubx="0" uby="2596">
      <word id="a01-091-10-00" tag="NNS" text="supporters">
        <cmp x="390" y="2570" width="31" height="58" />
        <cmp x="427" y="2593" width="54" height="41" />
        <cmp x="496" y="2592" width="42" height="103" />
        <cmp x="551" y="2587" width="121" height="89" />
        <cmp x="553" y="2605" width="6" height="5" />
        <cmp x="698" y="2541" width="43" height="96" />
        <cmp x="738" y="2593" width="122" height="44" />
      </word>
      <word id="a01-091-10-01" tag="." text=".">
        <cmp x="894" y="2623" width="7" height="7" />
      </word>
      <upper-contour>
        <point x="388" y="2524" />
        <point x="901" y="2524" />
      </upper-contour>
    </line>
  </handwritten-part>
</form>

