<?xml version="1.0" encoding="ISO-8859-1"?>

<!DOCTYPE form SYSTEM 'http://www.iam.unibe.ch/~fki/iamdb/form-metadata.dtd'>

<form created="2002-01-14" height="3542" id="a01-053" last-modified="2002-07-24" skew="191" status="final" version="3.0_beta" width="2479" writer-id="013">
  <machine-printed-part>
    <machine-print-line text="He said these concerned Mr. Weaver&apos;s alleged association with organisations black-" />
    <machine-print-line text="listed by the Government. Immediately Mr. Kennedy rushed a letter to Senator" />
    <machine-print-line text="Robertson saying the Federal Bureau of Investigation had reported on Mr. Weaver." />
    <machine-print-line text="He believed he would perform &quot;outstanding service&quot; in his post. Senator Robertson&apos;s" />
    <machine-print-line text="committee has to pass Mr. Weaver&apos;s nomination before it can be considered by the" />
    <machine-print-line text="full Senate." />
  </machine-printed-part>
  <handwritten-part>
    <line ass="123" asx="0" asy="730" character-width="999" dss="123" dsx="0" dsy="844" fd0="-173" fd1="-2249" fd2="-2542" filter-width="7" id="a01-053-00" lbs="206" lbx="0" lby="835" segmentation="err" slant="49000" stroke-width="11229" threshold="152" text="He said these concerned Mr. Weaver&apos;s" ubs="-43" ubx="0" uby="791">
      <word id="a01-053-00-00" sentence-start="yes" tag="PP3A" text="He">
        <cmp x="366" y="729" width="89" height="97" />
      </word>
      <word id="a01-053-00-01" tag="VBD" text="said">
        <cmp x="517" y="774" width="60" height="59" />
        <cmp x="545" y="785" width="101" height="54" />
        <cmp x="637" y="742" width="108" height="93" />
        <cmp x="657" y="747" width="13" height="14" />
      </word>
      <word id="a01-053-00-02" tag="DTS" text="these">
        <cmp x="777" y="729" width="145" height="111" />
        <cmp x="907" y="790" width="45" height="47" />
        <cmp x="952" y="785" width="51" height="52" />
      </word>
      <word id="a01-053-00-03" tag="VBD" text="concerned">
        <cmp x="1067" y="776" width="54" height="56" />
        <cmp x="1102" y="782" width="132" height="61" />
        <cmp x="1229" y="781" width="118" height="58" />
        <cmp x="1334" y="738" width="200" height="101" />
      </word>
      <word id="a01-053-00-04" tag="NPT" text="Mr.">
        <cmp x="1553" y="741" width="116" height="94" />
        <cmp x="1619" y="783" width="52" height="49" />
        <cmp x="1667" y="815" width="10" height="17" />
      </word>
      <word id="a01-053-00-05" tag="NP$" text="Weaver&apos;s">
        <cmp x="1753" y="745" width="107" height="87" />
        <cmp x="1808" y="775" width="103" height="59" />
        <cmp x="1904" y="780" width="132" height="56" />
        <cmp x="2050" y="785" width="64" height="42" />
        <cmp x="2073" y="739" width="36" height="39" />
      </word>
      <lower-contour>
        <point x="364" y="843" />
        <point x="2115" y="843" />
      </lower-contour>
    </line>
    <line ass="360" asx="0" asy="887" character-width="999" dss="360" dsx="0" dsy="1069" fd0="-1303" fd1="-4301" fd2="-2417" filter-width="8" id="a01-053-01" lbs="537" lbx="0" lby="1021" segmentation="ok" slant="50000" stroke-width="11533" threshold="152" text="alleged association with organisations black-" ubs="4" ubx="0" uby="967">
      <word id="a01-053-01-00" tag="JJ" text="alleged">
        <cmp x="328" y="885" width="196" height="123" />
        <cmp x="450" y="947" width="119" height="120" />
        <cmp x="551" y="905" width="112" height="106" />
      </word>
      <word id="a01-053-01-01" tag="NN" text="association">
        <cmp x="656" y="958" width="162" height="58" />
        <cmp x="816" y="963" width="84" height="53" />
        <cmp x="893" y="966" width="48" height="46" />
        <cmp x="931" y="915" width="12" height="17" />
        <cmp x="936" y="917" width="152" height="102" />
        <cmp x="1043" y="926" width="13" height="18" />
      </word>
      <word id="a01-053-01-02" tag="IN" text="with">
        <cmp x="1147" y="947" width="96" height="63" />
        <cmp x="1226" y="913" width="120" height="112" />
        <cmp x="1268" y="915" width="11" height="18" />
      </word>
      <word id="a01-053-01-03" tag="NNS" text="organisations">
        <cmp x="1374" y="948" width="222" height="108" />
        <cmp x="1589" y="968" width="35" height="41" />
        <cmp x="1625" y="969" width="81" height="43" />
        <cmp x="1653" y="931" width="9" height="13" />
        <cmp x="1708" y="921" width="92" height="92" />
        <cmp x="1761" y="966" width="102" height="55" />
        <cmp x="1819" y="929" width="9" height="19" />
        <cmp x="1849" y="971" width="58" height="41" />
      </word>
      <word id="a01-053-01-04" tag="VBN--" text="black-">
        <cmp x="1954" y="898" width="133" height="113" />
        <cmp x="2027" y="958" width="54" height="48" />
        <cmp x="2069" y="910" width="118" height="105" />
        <cmp x="2175" y="978" width="39" height="13" />
      </word>
      <upper-contour>
        <point x="364" y="843" />
        <point x="2115" y="843" />
      </upper-contour>
      <lower-contour>
        <point x="326" y="1066" />
        <point x="741" y="1056" />
        <point x="2096" y="1056" />
      </lower-contour>
    </line>
    <line ass="-394" asx="0" asy="1061" character-width="999" dss="-394" dsx="0" dsy="1235" fd0="-1631" fd1="-4568" fd2="-2644" filter-width="8" id="a01-053-02" lbs="-228" lbx="0" lby="1179" segmentation="ok" slant="52000" stroke-width="11789" threshold="152" text="listed by the Government. Immediately" ubs="-726" ubx="0" uby="1125">
      <word id="a01-053-02-00" tag="-VBN" text="listed">
        <cmp x="325" y="1079" width="131" height="108" />
        <cmp x="440" y="1081" width="169" height="109" />
        <cmp x="456" y="1082" width="11" height="17" />
      </word>
      <word id="a01-053-02-01" tag="IN" text="by">
        <cmp x="638" y="1066" width="124" height="167" />
      </word>
      <word id="a01-053-02-02" tag="ATI" text="the">
        <cmp x="807" y="1069" width="132" height="115" />
      </word>
      <word id="a01-053-02-03" tag="NN" text="Government">
        <cmp x="973" y="1076" width="122" height="167" />
        <cmp x="1046" y="1131" width="93" height="54" />
        <cmp x="1131" y="1133" width="118" height="60" />
        <cmp x="1254" y="1088" width="237" height="108" />
      </word>
      <word id="a01-053-02-04" tag="." text=".">
        <cmp x="1455" y="1181" width="10" height="15" />
      </word>
      <word id="a01-053-02-05" sentence-start="yes" tag="RB" text="Immediately">
        <cmp x="1543" y="1073" width="94" height="119" />
        <cmp x="1575" y="1126" width="87" height="66" />
        <cmp x="1652" y="1136" width="120" height="65" />
        <cmp x="1773" y="1092" width="116" height="102" />
        <cmp x="1870" y="1084" width="225" height="156" />
      </word>
      <upper-contour>
        <point x="326" y="1066" />
        <point x="741" y="1056" />
        <point x="2096" y="1056" />
      </upper-contour>
      <lower-contour>
        <point x="361" y="1243" />
        <point x="2023" y="1243" />
      </lower-contour>
    </line>
    <line ass="23" asx="0" asy="1246" character-width="999" dss="23" dsx="0" dsy="1417" fd0="-2198" fd1="-4822" fd2="-2810" filter-width="8" id="a01-053-03" lbs="14" lbx="0" lby="1364" segmentation="ok" slant="52000" stroke-width="11963" threshold="152" text="Mr. Kennedy rushed a letter to Senator" ubs="41" ubx="0" uby="1312">
      <word id="a01-053-03-00" tag="NPT" text="Mr.">
        <cmp x="363" y="1257" width="115" height="106" />
        <cmp x="476" y="1342" width="10" height="19" />
      </word>
      <word id="a01-053-03-01" tag="NP" text="Kennedy">
        <cmp x="565" y="1264" width="199" height="107" />
        <cmp x="759" y="1316" width="49" height="58" />
        <cmp x="790" y="1256" width="113" height="162" />
      </word>
      <word id="a01-053-03-02" tag="VBD" text="rushed">
        <cmp x="955" y="1303" width="135" height="67" />
        <cmp x="1082" y="1258" width="175" height="116" />
      </word>
      <word id="a01-053-03-03" tag="AT" text="a">
        <cmp x="1259" y="1316" width="58" height="58" />
      </word>
      <word id="a01-053-03-04" tag="NN" text="letter">
        <cmp x="1368" y="1246" width="98" height="118" />
        <cmp x="1417" y="1254" width="134" height="117" />
      </word>
      <word id="a01-053-03-05" tag="IN" text="to">
        <cmp x="1610" y="1252" width="94" height="114" />
      </word>
      <word id="a01-053-03-06" tag="NPT" text="Senator">
        <cmp x="1749" y="1247" width="127" height="113" />
        <cmp x="1855" y="1311" width="67" height="59" />
        <cmp x="1912" y="1258" width="110" height="109" />
      </word>
      <upper-contour>
        <point x="361" y="1243" />
        <point x="2023" y="1243" />
      </upper-contour>
      <lower-contour>
        <point x="361" y="1417" />
        <point x="2023" y="1417" />
      </lower-contour>
    </line>
    <line ass="91" asx="0" asy="1424" character-width="999" dss="91" dsx="0" dsy="1614" fd0="-1032" fd1="-4173" fd2="-2469" filter-width="8" id="a01-053-04" lbs="184" lbx="0" lby="1543" segmentation="err" slant="55000" stroke-width="11556" threshold="152" text="Robertson saying the Federal Bureau of In-" ubs="-94" ubx="0" uby="1491">
      <word id="a01-053-04-00" tag="NP" text="Robertson">
        <cmp x="355" y="1438" width="81" height="103" />
        <cmp x="404" y="1439" width="128" height="112" />
        <cmp x="526" y="1443" width="147" height="111" />
      </word>
      <word id="a01-053-04-01" tag="VBG" text="saying">
        <cmp x="735" y="1474" width="146" height="129" />
        <cmp x="875" y="1492" width="74" height="51" />
        <cmp x="917" y="1479" width="98" height="134" />
        <cmp x="930" y="1432" width="14" height="29" />
      </word>
      <word id="a01-053-04-02" tag="ATI" text="the">
        <cmp x="965" y="1595" width="22" height="19" />
        <cmp x="1068" y="1423" width="126" height="114" />
      </word>
      <word id="a01-053-04-03" tag="JJ" text="Federal">
        <cmp x="1243" y="1441" width="85" height="99" />
        <cmp x="1272" y="1488" width="57" height="58" />
        <cmp x="1305" y="1449" width="105" height="100" />
        <cmp x="1361" y="1489" width="74" height="53" />
        <cmp x="1422" y="1447" width="131" height="105" />
      </word>
      <word id="a01-053-04-04" tag="NN" text="Bureau">
        <cmp x="1555" y="1448" width="142" height="96" />
        <cmp x="1688" y="1482" width="61" height="59" />
        <cmp x="1725" y="1491" width="98" height="63" />
      </word>
      <word id="a01-053-04-05" tag="INO" text="of">
        <cmp x="1873" y="1434" width="129" height="141" />
      </word>
      <word id="a01-053-04-06" tag="NN-" text="In-">
        <cmp x="2040" y="1433" width="65" height="103" />
        <cmp x="2067" y="1487" width="54" height="61" />
        <cmp x="2118" y="1510" width="34" height="16" />
      </word>
      <upper-contour>
        <point x="361" y="1417" />
        <point x="2023" y="1417" />
      </upper-contour>
      <lower-contour>
        <point x="353" y="1613" />
        <point x="2151" y="1613" />
      </lower-contour>
    </line>
    <line ass="10" asx="0" asy="1617" character-width="999" dss="10" dsx="0" dsy="1789" fd0="-1028" fd1="-4132" fd2="-1903" filter-width="8" id="a01-053-05" lbs="271" lbx="0" lby="1729" segmentation="err" slant="51000" stroke-width="11480" threshold="152" text="vestigation had reported on Mr. Weaver." ubs="-511" ubx="0" uby="1662">
      <word id="a01-053-05-00" tag="-NN" text="vestigation">
        <cmp x="352" y="1663" width="127" height="62" />
        <cmp x="471" y="1617" width="74" height="105" />
        <cmp x="510" y="1670" width="83" height="119" />
        <cmp x="561" y="1617" width="12" height="19" />
        <cmp x="585" y="1674" width="52" height="50" />
        <cmp x="633" y="1631" width="90" height="97" />
        <cmp x="700" y="1674" width="99" height="58" />
        <cmp x="749" y="1628" width="13" height="23" />
      </word>
      <word id="a01-053-05-01" tag="HVD" text="had">
        <cmp x="875" y="1617" width="120" height="99" />
        <cmp x="990" y="1626" width="106" height="103" />
      </word>
      <word id="a01-053-05-02" tag="VBN" text="reported">
        <cmp x="1102" y="1663" width="88" height="60" />
        <cmp x="1114" y="1674" width="117" height="107" />
        <cmp x="1217" y="1680" width="77" height="47" />
        <cmp x="1282" y="1621" width="170" height="102" />
      </word>
      <word id="a01-053-05-03" tag="IN" text="on">
        <cmp x="1461" y="1661" width="104" height="63" />
      </word>
      <word id="a01-053-05-04" tag="NPT" text="Mr.">
        <cmp x="1635" y="1630" width="118" height="93" />
        <cmp x="1753" y="1708" width="10" height="16" />
      </word>
      <word id="a01-053-05-05" tag="NP" text="Weaver">
        <cmp x="1846" y="1620" width="113" height="100" />
        <cmp x="1937" y="1672" width="167" height="56" />
      </word>
      <word id="a01-053-05-06" tag="." text=".">
        <cmp x="2141" y="1709" width="9" height="19" />
      </word>
      <upper-contour>
        <point x="353" y="1613" />
        <point x="2151" y="1613" />
      </upper-contour>
      <lower-contour>
        <point x="351" y="1786" />
        <point x="516" y="1788" />
        <point x="563" y="1733" />
        <point x="1114" y="1781" />
        <point x="1592" y="1731" />
        <point x="2151" y="1731" />
      </lower-contour>
    </line>
    <line ass="-4" asx="0" asy="1775" character-width="999" dss="-4" dsx="0" dsy="1966" fd0="-1281" fd1="-4287" fd2="-2028" filter-width="8" id="a01-053-06" lbs="12" lbx="0" lby="1901" segmentation="ok" slant="52000" stroke-width="11606" threshold="152" text="He believed he would perform &quot;outstanding" ubs="-39" ubx="0" uby="1852">
      <word id="a01-053-06-00" sentence-start="yes" tag="PP3A" text="He">
        <cmp x="353" y="1789" width="89" height="108" />
      </word>
      <word id="a01-053-06-01" tag="VBD" text="believed">
        <cmp x="492" y="1782" width="88" height="121" />
        <cmp x="571" y="1778" width="119" height="121" />
        <cmp x="679" y="1839" width="91" height="65" />
        <cmp x="698" y="1780" width="11" height="20" />
        <cmp x="758" y="1799" width="107" height="111" />
      </word>
      <word id="a01-053-06-02" tag="PP3A" text="he">
        <cmp x="868" y="1794" width="137" height="114" />
      </word>
      <word id="a01-053-06-03" tag="MD" text="would">
        <cmp x="1067" y="1795" width="238" height="115" />
        <cmp x="1242" y="1802" width="116" height="109" />
      </word>
      <word id="a01-053-06-04" tag="VB" text="perform">
        <cmp x="1343" y="1833" width="116" height="112" />
        <cmp x="1435" y="1776" width="222" height="152" />
      </word>
      <word id="a01-053-06-05" tag="*&apos;" text="&quot;">
        <cmp x="1751" y="1788" width="42" height="47" />
      </word>
      <word id="a01-053-06-06" tag="JJ" text="outstanding">
        <cmp x="1765" y="1831" width="103" height="65" />
        <cmp x="1858" y="1791" width="91" height="103" />
        <cmp x="1907" y="1791" width="162" height="112" />
        <cmp x="2058" y="1798" width="140" height="105" />
        <cmp x="2128" y="1869" width="101" height="98" />
        <cmp x="2186" y="1807" width="10" height="26" />
      </word>
      <upper-contour>
        <point x="351" y="1786" />
        <point x="516" y="1788" />
        <point x="563" y="1733" />
        <point x="1114" y="1781" />
        <point x="1592" y="1731" />
        <point x="2151" y="1731" />
      </upper-contour>
      <lower-contour>
        <point x="355" y="1945" />
        <point x="2128" y="1970" />
        <point x="2190" y="1970" />
      </lower-contour>
    </line>
    <line ass="221" asx="0" asy="1959" character-width="999" dss="221" dsx="0" dsy="2143" fd0="-695" fd1="-3792" fd2="-1681" filter-width="7" id="a01-053-07" lbs="537" lbx="0" lby="2088" segmentation="ok" slant="51000" stroke-width="11320" threshold="152" text="service&quot; in his post. Senator Robertson&apos;s" ubs="-410" ubx="0" uby="2015">
      <word id="a01-053-07-00" tag="NN" text="service">
        <cmp x="357" y="2013" width="107" height="68" />
        <cmp x="449" y="2019" width="147" height="68" />
        <cmp x="553" y="1975" width="10" height="21" />
      </word>
      <word id="a01-053-07-01" tag="**&apos;" text="&quot;">
        <cmp x="659" y="1969" width="43" height="47" />
      </word>
      <word id="a01-053-07-02" tag="IN" text="in">
        <cmp x="716" y="2021" width="88" height="56" />
        <cmp x="794" y="1957" width="13" height="19" />
      </word>
      <word id="a01-053-07-03" tag="PP$" text="his">
        <cmp x="861" y="1964" width="131" height="123" />
        <cmp x="987" y="1986" width="11" height="24" />
      </word>
      <word id="a01-053-07-04" tag="NN" text="post">
        <cmp x="993" y="2032" width="171" height="108" />
        <cmp x="1161" y="1975" width="92" height="111" />
      </word>
      <word id="a01-053-07-05" tag="." text=".">
        <cmp x="1227" y="2065" width="9" height="18" />
      </word>
      <word id="a01-053-07-06" sentence-start="yes" tag="NPT" text="Senator">
        <cmp x="1333" y="1969" width="87" height="98" />
        <cmp x="1373" y="2011" width="107" height="66" />
        <cmp x="1459" y="2028" width="63" height="52" />
        <cmp x="1510" y="1974" width="113" height="108" />
      </word>
      <word id="a01-053-07-07" tag="NP$" text="Robertson&apos;s">
        <cmp x="1702" y="1976" width="112" height="104" />
        <cmp x="1812" y="1971" width="124" height="108" />
        <cmp x="1939" y="1971" width="158" height="115" />
        <cmp x="2140" y="1974" width="43" height="53" />
        <cmp x="2122" y="2032" width="67" height="42" />
      </word>
      <upper-contour>
        <point x="355" y="1945" />
        <point x="2128" y="1970" />
        <point x="2190" y="1970" />
      </upper-contour>
      <lower-contour>
        <point x="355" y="2140" />
        <point x="999" y="2141" />
        <point x="1069" y="2090" />
        <point x="1985" y="2090" />
      </lower-contour>
    </line>
    <line ass="6" asx="0" asy="2139" character-width="999" dss="6" dsx="0" dsy="2326" fd0="-3131" fd1="-2359" fd2="-1795" filter-width="8" id="a01-053-08" lbs="-38" lbx="0" lby="2258" segmentation="err" slant="50000" stroke-width="11929" threshold="152" text="committee has to pass Mr. Weaver&apos;s" ubs="97" ubx="0" uby="2215">
      <word id="a01-053-08-00" tag="NN" text="committee">
        <cmp x="354" y="2195" width="53" height="59" />
        <cmp x="389" y="2200" width="133" height="64" />
        <cmp x="515" y="2161" width="161" height="113" />
        <cmp x="577" y="2169" width="14" height="18" />
      </word>
      <word id="a01-053-08-01" tag="HVZ" text="has">
        <cmp x="729" y="2142" width="176" height="124" />
      </word>
      <word id="a01-053-08-02" tag="TO" text="to" />
      <word id="a01-053-08-03" tag="VB" text="pass">
        <cmp x="988" y="2139" width="92" height="110" />
      </word>
      <word id="a01-053-08-04" tag="NPT" text="Mr.">
        <cmp x="1043" y="2202" width="140" height="125" />
        <cmp x="1158" y="2207" width="135" height="64" />
        <cmp x="1385" y="2162" width="128" height="100" />
      </word>
      <word id="a01-053-08-05" tag="NP$" text="Weaver&apos;s">
        <cmp x="1462" y="2208" width="61" height="52" />
        <cmp x="1513" y="2245" width="11" height="15" />
        <cmp x="1620" y="2153" width="114" height="103" />
        <cmp x="1678" y="2200" width="259" height="66" />
        <cmp x="1935" y="2143" width="49" height="55" />
      </word>
      <upper-contour>
        <point x="355" y="2140" />
        <point x="999" y="2141" />
        <point x="1069" y="2090" />
        <point x="1985" y="2090" />
      </upper-contour>
      <lower-contour>
        <point x="370" y="2327" />
        <point x="1154" y="2272" />
        <point x="1985" y="2272" />
      </lower-contour>
    </line>
    <line ass="372" asx="0" asy="2326" character-width="999" dss="372" dsx="0" dsy="2456" fd0="-1717" fd1="-4484" fd2="-2201" filter-width="8" id="a01-053-09" lbs="548" lbx="0" lby="2448" segmentation="ok" slant="50000" stroke-width="11718" threshold="152" text="nomination before it can be con-" ubs="21" ubx="0" uby="2394">
      <word id="a01-053-09-00" tag="NN" text="nomination">
        <cmp x="372" y="2358" width="72" height="86" />
        <cmp x="423" y="2383" width="137" height="68" />
        <cmp x="549" y="2394" width="43" height="52" />
        <cmp x="598" y="2389" width="72" height="53" />
        <cmp x="618" y="2336" width="11" height="18" />
        <cmp x="659" y="2392" width="60" height="48" />
        <cmp x="705" y="2336" width="105" height="116" />
        <cmp x="757" y="2384" width="136" height="64" />
        <cmp x="842" y="2338" width="11" height="18" />
      </word>
      <word id="a01-053-09-01" tag="CS" text="before">
        <cmp x="965" y="2341" width="124" height="93" />
        <cmp x="1065" y="2320" width="167" height="130" />
      </word>
      <word id="a01-053-09-02" tag="PP3" text="it">
        <cmp x="1303" y="2383" width="37" height="48" />
        <cmp x="1335" y="2331" width="91" height="106" />
        <cmp x="1369" y="2331" width="17" height="22" />
      </word>
      <word id="a01-053-09-03" tag="MD" text="can">
        <cmp x="1442" y="2376" width="167" height="70" />
      </word>
      <word id="a01-053-09-04" tag="BE" text="be">
        <cmp x="1670" y="2320" width="121" height="121" />
      </word>
      <word id="a01-053-09-05" tag="VBN-" text="con-">
        <cmp x="1835" y="2371" width="64" height="68" />
        <cmp x="1872" y="2375" width="111" height="68" />
        <cmp x="2013" y="2405" width="37" height="16" />
      </word>
      <upper-contour>
        <point x="370" y="2327" />
        <point x="1154" y="2272" />
        <point x="1985" y="2272" />
      </upper-contour>
      <lower-contour>
        <point x="388" y="2454" />
        <point x="1938" y="2454" />
      </lower-contour>
    </line>
    <line ass="-300" asx="0" asy="2473" character-width="999" dss="-300" dsx="0" dsy="2665" fd0="-3564" fd1="-2771" fd2="-2255" filter-width="8" id="a01-053-10" lbs="-225" lbx="0" lby="2609" segmentation="ok" slant="54000" stroke-width="12184" threshold="152" text="# sidered by the full Senate." ubs="-450" ubx="0" uby="2562">
      <word id="a01-053-10-00" tag="&amp;GA" text="#">
        <cmp x="390" y="2498" width="305" height="128" />
      </word>
      <word id="a01-053-10-01" tag="-VBN" text="sidered">
        <cmp x="700" y="2562" width="46" height="63" />
        <cmp x="736" y="2564" width="41" height="54" />
        <cmp x="758" y="2504" width="129" height="113" />
        <cmp x="789" y="2511" width="14" height="18" />
        <cmp x="885" y="2561" width="41" height="50" />
        <cmp x="911" y="2511" width="98" height="105" />
      </word>
      <word id="a01-053-10-02" tag="IN" text="by">
        <cmp x="1053" y="2505" width="112" height="167" />
      </word>
      <word id="a01-053-10-03" tag="ATI" text="the">
        <cmp x="1192" y="2497" width="121" height="118" />
      </word>
      <word id="a01-053-10-04" tag="JJ" text="full">
        <cmp x="1339" y="2481" width="238" height="172" />
      </word>
      <word id="a01-053-10-05" tag="NP" text="Senate">
        <cmp x="1632" y="2509" width="161" height="108" />
        <cmp x="1777" y="2566" width="63" height="52" />
        <cmp x="1830" y="2508" width="93" height="111" />
      </word>
      <word id="a01-053-10-06" tag="." text=".">
        <cmp x="1926" y="2609" width="11" height="15" />
      </word>
      <upper-contour>
        <point x="388" y="2454" />
        <point x="1938" y="2454" />
      </upper-contour>
    </line>
  </handwritten-part>
</form>

