<?xml version="1.0" encoding="ISO-8859-1"?>

<!DOCTYPE form SYSTEM 'http://www.iam.unibe.ch/~fki/iamdb/form-metadata.dtd'>

<form created="2002-01-15" height="3542" id="a01-058" last-modified="2002-07-17" skew="223" status="final" version="3.0_beta" width="2479" writer-id="013">
  <machine-printed-part>
    <machine-print-line text="PRESIDENT KENNEDY is ready to get tough over West Germany&apos;s cash offer to" />
    <machine-print-line text="help America&apos;s balance of payments position. He said bluntly in Washington yester-" />
    <machine-print-line text="day that the offer - 357million - was not good enough. And he indicated that his" />
    <machine-print-line text="Government would try to get Germany to pay more. He did not mention personal" />
    <machine-print-line text="talks with Dr. Adenauer, the West German Chancellor." />
  </machine-printed-part>
  <handwritten-part>
    <line ass="444" asx="0" asy="714" character-width="999" dss="444" dsx="0" dsy="883" fd0="-1314" fd1="-4412" fd2="-2397" filter-width="8" id="a01-058-00" lbs="254" lbx="0" lby="826" segmentation="ok" slant="49000" stroke-width="11649" threshold="152" text="PRESIDENT KENNEDY is ready to get tough" ubs="823" ubx="0" uby="784">
      <word id="a01-058-00-00" sentence-start="yes" tag="NPT" text="PRESIDENT">
        <cmp x="344" y="728" width="95" height="102" />
        <cmp x="385" y="759" width="132" height="68" />
        <cmp x="507" y="766" width="50" height="61" />
        <cmp x="547" y="729" width="156" height="100" />
        <cmp x="585" y="723" width="12" height="16" />
        <cmp x="701" y="726" width="89" height="94" />
      </word>
      <word id="a01-058-00-01" tag="NP" text="KENNEDY">
        <cmp x="806" y="709" width="118" height="107" />
        <cmp x="861" y="759" width="189" height="67" />
        <cmp x="1040" y="713" width="127" height="155" />
      </word>
      <word id="a01-058-00-02" tag="BEZ" text="is">
        <cmp x="1209" y="757" width="60" height="51" />
        <cmp x="1276" y="706" width="12" height="18" />
      </word>
      <word id="a01-058-00-03" tag="JJ" text="ready">
        <cmp x="1303" y="760" width="92" height="61" />
        <cmp x="1373" y="771" width="58" height="50" />
        <cmp x="1415" y="718" width="126" height="141" />
      </word>
      <word id="a01-058-00-04" tag="TO" text="to">
        <cmp x="1581" y="706" width="95" height="105" />
      </word>
      <word id="a01-058-00-05" tag="VB" text="get">
        <cmp x="1672" y="700" width="209" height="168" />
      </word>
      <word id="a01-058-00-06" tag="JJ" text="tough">
        <cmp x="1879" y="700" width="94" height="110" />
        <cmp x="1915" y="751" width="50" height="56" />
        <cmp x="1952" y="702" width="158" height="168" />
        <cmp x="1960" y="753" width="51" height="50" />
      </word>
      <lower-contour>
        <point x="364" y="868" />
        <point x="1530" y="864" />
        <point x="1675" y="869" />
        <point x="1694" y="862" />
        <point x="1953" y="872" />
        <point x="2017" y="818" />
        <point x="2112" y="818" />
      </lower-contour>
    </line>
    <line ass="-257" asx="0" asy="857" character-width="999" dss="-257" dsx="0" dsy="1058" fd0="-2727" fd1="-1863" fd2="-1300" filter-width="8" id="a01-058-01" lbs="-244" lbx="0" lby="980" segmentation="ok" slant="52000" stroke-width="11795" threshold="152" text="over West Germany&apos;s cash offer to help" ubs="-282" ubx="0" uby="931">
      <word id="a01-058-01-00" tag="IN" text="over">
        <cmp x="366" y="936" width="182" height="65" />
      </word>
      <word id="a01-058-01-01" tag="NP" text="West">
        <cmp x="616" y="879" width="107" height="109" />
        <cmp x="671" y="935" width="70" height="55" />
        <cmp x="741" y="880" width="84" height="100" />
      </word>
      <word id="a01-058-01-02" tag="NP$" text="Germany&apos;s">
        <cmp x="827" y="878" width="161" height="168" />
        <cmp x="977" y="931" width="177" height="60" />
        <cmp x="1129" y="944" width="81" height="121" />
        <cmp x="1244" y="876" width="39" height="49" />
        <cmp x="1232" y="934" width="58" height="45" />
      </word>
      <word id="a01-058-01-03" tag="NN" text="cash">
        <cmp x="1330" y="935" width="50" height="53" />
        <cmp x="1362" y="865" width="179" height="125" />
      </word>
      <word id="a01-058-01-04" tag="NN" text="offer">
        <cmp x="1563" y="865" width="173" height="151" />
      </word>
      <word id="a01-058-01-05" tag="TO" text="to">
        <cmp x="1780" y="880" width="91" height="105" />
      </word>
      <word id="a01-058-01-06" tag="VB" text="help">
        <cmp x="1917" y="865" width="210" height="162" />
      </word>
      <upper-contour>
        <point x="364" y="868" />
        <point x="1530" y="864" />
        <point x="1675" y="869" />
        <point x="1694" y="862" />
        <point x="1953" y="872" />
        <point x="2017" y="818" />
        <point x="2112" y="818" />
      </upper-contour>
      <lower-contour>
        <point x="364" y="1047" />
        <point x="1130" y="1065" />
        <point x="1256" y="1030" />
        <point x="2128" y="1030" />
      </lower-contour>
    </line>
    <line ass="-98" asx="0" asy="1049" character-width="999" dss="-98" dsx="0" dsy="1236" fd0="-1682" fd1="-4343" fd2="-1821" filter-width="8" id="a01-058-02" lbs="-275" lbx="0" lby="1169" segmentation="err" slant="54000" stroke-width="11678" threshold="152" text="America&apos;s balance of payments position." ubs="255" ubx="0" uby="1132">
      <word id="a01-058-02-00" tag="NP$" text="America&apos;s">
        <cmp x="329" y="1071" width="76" height="117" />
        <cmp x="388" y="1107" width="132" height="72" />
        <cmp x="515" y="1121" width="43" height="59" />
        <cmp x="537" y="1128" width="139" height="52" />
        <cmp x="570" y="1054" width="12" height="21" />
        <cmp x="659" y="1062" width="49" height="55" />
        <cmp x="750" y="1051" width="271" height="123" />
      </word>
      <word id="a01-058-02-01" tag="NN" text="balance">
        <cmp x="1026" y="1121" width="71" height="51" />
      </word>
      <word id="a01-058-02-02" tag="INO" text="of">
        <cmp x="1150" y="1118" width="42" height="56" />
        <cmp x="1159" y="1054" width="114" height="159" />
      </word>
      <word id="a01-058-02-03" tag="NNS" text="payments">
        <cmp x="1256" y="1111" width="116" height="114" />
        <cmp x="1358" y="1115" width="118" height="125" />
        <cmp x="1474" y="1100" width="164" height="65" />
        <cmp x="1632" y="1061" width="103" height="111" />
      </word>
      <word id="a01-058-02-04" tag="NN" text="position">
        <cmp x="1732" y="1108" width="187" height="105" />
        <cmp x="1911" y="1078" width="77" height="103" />
        <cmp x="1918" y="1073" width="12" height="19" />
        <cmp x="1982" y="1118" width="95" height="58" />
        <cmp x="1997" y="1079" width="10" height="18" />
      </word>
      <word id="a01-058-02-05" tag="." text=".">
        <cmp x="2119" y="1161" width="12" height="20" />
      </word>
      <upper-contour>
        <point x="364" y="1047" />
        <point x="1130" y="1065" />
        <point x="1256" y="1030" />
        <point x="2128" y="1030" />
      </upper-contour>
      <lower-contour>
        <point x="353" y="1213" />
        <point x="1256" y="1227" />
        <point x="1369" y="1240" />
        <point x="1416" y="1214" />
        <point x="2132" y="1214" />
      </lower-contour>
    </line>
    <line ass="-243" asx="0" asy="1216" character-width="999" dss="-243" dsx="0" dsy="1408" fd0="-3030" fd1="-2398" fd2="-1908" filter-width="8" id="a01-058-03" lbs="-157" lbx="0" lby="1343" segmentation="ok" slant="50000" stroke-width="11899" threshold="152" text="He said bluntly in Washington yester-" ubs="-416" ubx="0" uby="1283">
      <word id="a01-058-03-00" sentence-start="yes" tag="PP3A" text="He">
        <cmp x="355" y="1242" width="100" height="123" />
      </word>
      <word id="a01-058-03-01" tag="VBD" text="said">
        <cmp x="504" y="1289" width="62" height="68" />
        <cmp x="542" y="1243" width="227" height="117" />
        <cmp x="664" y="1248" width="14" height="19" />
      </word>
      <word id="a01-058-03-02" tag="RB" text="bluntly">
        <cmp x="785" y="1221" width="225" height="133" />
        <cmp x="1005" y="1221" width="169" height="186" />
      </word>
      <word id="a01-058-03-03" tag="IN" text="in">
        <cmp x="1193" y="1276" width="73" height="70" />
        <cmp x="1279" y="1229" width="11" height="26" />
      </word>
      <word id="a01-058-03-04" tag="NP" text="Washington">
        <cmp x="1333" y="1235" width="143" height="116" />
        <cmp x="1407" y="1287" width="95" height="64" />
        <cmp x="1496" y="1237" width="89" height="117" />
        <cmp x="1555" y="1298" width="91" height="54" />
        <cmp x="1613" y="1244" width="227" height="171" />
        <cmp x="1640" y="1240" width="10" height="25" />
      </word>
      <word id="a01-058-03-05" tag="NR-" text="yester-">
        <cmp x="1880" y="1281" width="141" height="121" />
        <cmp x="2016" y="1233" width="101" height="113" />
        <cmp x="2145" y="1301" width="36" height="23" />
      </word>
      <upper-contour>
        <point x="353" y="1213" />
        <point x="1256" y="1227" />
        <point x="1369" y="1240" />
        <point x="1416" y="1214" />
        <point x="2132" y="1214" />
      </upper-contour>
      <lower-contour>
        <point x="353" y="1406" />
        <point x="1075" y="1409" />
        <point x="1614" y="1417" />
        <point x="1790" y="1404" />
        <point x="2176" y="1404" />
      </lower-contour>
    </line>
    <line ass="328" asx="0" asy="1414" character-width="999" dss="328" dsx="0" dsy="1596" fd0="-1512" fd1="-4343" fd2="-2067" filter-width="8" id="a01-058-04" lbs="121" lbx="0" lby="1521" segmentation="ok" slant="49000" stroke-width="11620" threshold="152" text="day that the offer - 357million - was" ubs="741" ubx="0" uby="1494">
      <word id="a01-058-04-00" tag="-NR" text="day">
        <cmp x="352" y="1424" width="149" height="169" />
      </word>
      <word id="a01-058-04-01" tag="CS" text="that">
        <cmp x="570" y="1411" width="119" height="120" />
        <cmp x="684" y="1426" width="100" height="109" />
      </word>
      <word id="a01-058-04-02" tag="ATI" text="the">
        <cmp x="797" y="1413" width="145" height="125" />
      </word>
      <word id="a01-058-04-03" tag="NN" text="offer">
        <cmp x="993" y="1411" width="189" height="150" />
      </word>
      <word id="a01-058-04-04" tag="*-" text="-">
        <cmp x="1236" y="1479" width="66" height="25" />
      </word>
      <word id="a01-058-04-05" tag="NNU" text="357million">
        <cmp x="1333" y="1428" width="166" height="95" />
        <cmp x="1478" y="1434" width="82" height="95" />
        <cmp x="1583" y="1461" width="94" height="63" />
        <cmp x="1659" y="1474" width="45" height="57" />
        <cmp x="1695" y="1416" width="100" height="113" />
        <cmp x="1716" y="1418" width="14" height="22" />
        <cmp x="1725" y="1428" width="93" height="98" />
        <cmp x="1752" y="1478" width="52" height="52" />
        <cmp x="1786" y="1474" width="120" height="63" />
        <cmp x="1839" y="1435" width="13" height="20" />
      </word>
      <word id="a01-058-04-06" tag="*-" text="-">
        <cmp x="1942" y="1494" width="32" height="16" />
      </word>
      <word id="a01-058-04-07" tag="BEDZ" text="was">
        <cmp x="2029" y="1457" width="81" height="67" />
        <cmp x="2090" y="1465" width="85" height="60" />
      </word>
      <upper-contour>
        <point x="353" y="1406" />
        <point x="1075" y="1409" />
        <point x="1614" y="1417" />
        <point x="1790" y="1404" />
        <point x="2176" y="1404" />
      </upper-contour>
      <lower-contour>
        <point x="350" y="1592" />
        <point x="797" y="1561" />
        <point x="2137" y="1561" />
      </lower-contour>
    </line>
    <line ass="674" asx="0" asy="1597" character-width="999" dss="674" dsx="0" dsy="1789" fd0="-3657" fd1="-2592" fd2="-1634" filter-width="8" id="a01-058-05" lbs="709" lbx="0" lby="1723" segmentation="err" slant="50000" stroke-width="12181" threshold="152" text="not good enough. And he indicated" ubs="602" ubx="0" uby="1667">
      <word id="a01-058-05-00" tag="XNOT" text="not">
        <cmp x="342" y="1645" width="75" height="72" />
        <cmp x="402" y="1602" width="133" height="126" />
      </word>
      <word id="a01-058-05-01" tag="JJ" text="good">
        <cmp x="521" y="1715" width="41" height="43" />
        <cmp x="538" y="1643" width="147" height="115" />
        <cmp x="681" y="1591" width="127" height="124" />
      </word>
      <word id="a01-058-05-02" tag="QLP" text="enough">
        <cmp x="809" y="1634" width="117" height="74" />
        <cmp x="923" y="1653" width="107" height="64" />
        <cmp x="976" y="1600" width="177" height="179" />
      </word>
      <word id="a01-058-05-03" tag="." text=".">
        <cmp x="1143" y="1706" width="16" height="16" />
      </word>
      <word id="a01-058-05-04" sentence-start="yes" tag="CC" text="And">
        <cmp x="1258" y="1582" width="113" height="122" />
        <cmp x="1359" y="1591" width="123" height="114" />
      </word>
      <word id="a01-058-05-05" tag="PP3A" text="he">
        <cmp x="1466" y="1582" width="133" height="126" />
      </word>
      <word id="a01-058-05-06" tag="VBD" text="indicated">
        <cmp x="1648" y="1637" width="87" height="75" />
        <cmp x="1727" y="1583" width="14" height="24" />
        <cmp x="1738" y="1602" width="127" height="109" />
        <cmp x="1845" y="1598" width="291" height="114" />
        <cmp x="1879" y="1608" width="12" height="20" />
      </word>
      <upper-contour>
        <point x="350" y="1592" />
        <point x="797" y="1561" />
        <point x="2137" y="1561" />
      </upper-contour>
      <lower-contour>
        <point x="340" y="1757" />
        <point x="975" y="1779" />
        <point x="1607" y="1715" />
        <point x="2137" y="1715" />
      </lower-contour>
    </line>
    <line ass="513" asx="0" asy="1766" character-width="999" dss="513" dsx="0" dsy="1968" fd0="-2704" fd1="-2464" fd2="-1759" filter-width="8" id="a01-058-06" lbs="628" lbx="0" lby="1900" segmentation="err" slant="55000" stroke-width="11724" threshold="152" text="that his Government would try to get" ubs="284" ubx="0" uby="1838">
      <word id="a01-058-06-00" tag="CS" text="that">
        <cmp x="322" y="1763" width="229" height="135" />
      </word>
      <word id="a01-058-06-01" tag="PP$" text="his">
        <cmp x="529" y="1768" width="158" height="128" />
        <cmp x="691" y="1778" width="12" height="27" />
      </word>
      <word id="a01-058-06-02" tag="NN" text="Government">
        <cmp x="752" y="1779" width="113" height="181" />
        <cmp x="830" y="1830" width="163" height="65" />
        <cmp x="984" y="1840" width="59" height="58" />
        <cmp x="1044" y="1835" width="168" height="67" />
        <cmp x="1213" y="1789" width="91" height="103" />
      </word>
      <word id="a01-058-06-03" tag="MD" text="would">
        <cmp x="1340" y="1822" width="90" height="66" />
        <cmp x="1405" y="1778" width="209" height="120" />
        <cmp x="1546" y="1779" width="138" height="115" />
      </word>
      <word id="a01-058-06-04" tag="VB" text="try">
        <cmp x="1672" y="1783" width="151" height="170" />
      </word>
      <word id="a01-058-06-05" tag="TO" text="to">
        <cmp x="1869" y="1771" width="89" height="107" />
      </word>
      <word id="a01-058-06-06" tag="VB" text="get">
        <cmp x="1957" y="1769" width="222" height="163" />
      </word>
      <upper-contour>
        <point x="340" y="1757" />
        <point x="975" y="1779" />
        <point x="1607" y="1715" />
        <point x="2137" y="1715" />
      </upper-contour>
      <lower-contour>
        <point x="329" y="1895" />
        <point x="752" y="1960" />
        <point x="822" y="1953" />
        <point x="1739" y="1955" />
        <point x="1815" y="1934" />
        <point x="2027" y="1934" />
      </lower-contour>
    </line>
    <line ass="804" asx="0" asy="1951" character-width="999" dss="804" dsx="0" dsy="2148" fd0="-2696" fd1="-2004" fd2="-1387" filter-width="8" id="a01-058-07" lbs="929" lbx="0" lby="2084" segmentation="ok" slant="51000" stroke-width="11731" threshold="152" text="Germany to pay more. He did not" ubs="554" ubx="0" uby="2034">
      <word id="a01-058-07-00" tag="NP" text="Germany">
        <cmp x="331" y="1946" width="136" height="184" />
        <cmp x="470" y="2015" width="112" height="53" />
        <cmp x="579" y="2021" width="88" height="119" />
        <cmp x="590" y="2015" width="50" height="48" />
      </word>
      <word id="a01-058-07-01" tag="TO" text="to">
        <cmp x="743" y="1955" width="101" height="115" />
      </word>
      <word id="a01-058-07-02" tag="VB" text="pay">
        <cmp x="845" y="2003" width="122" height="125" />
        <cmp x="950" y="2008" width="107" height="126" />
      </word>
      <word id="a01-058-07-03" tag="AP" text="more">
        <cmp x="1122" y="1997" width="96" height="75" />
        <cmp x="1198" y="1998" width="142" height="70" />
      </word>
      <word id="a01-058-07-04" tag="." text=".">
        <cmp x="1337" y="2060" width="10" height="16" />
      </word>
      <word id="a01-058-07-05" sentence-start="yes" tag="PP3A" text="He">
        <cmp x="1431" y="1956" width="117" height="121" />
      </word>
      <word id="a01-058-07-06" tag="DOD" text="did">
        <cmp x="1589" y="1956" width="135" height="114" />
        <cmp x="1690" y="1951" width="136" height="124" />
        <cmp x="1723" y="1976" width="12" height="16" />
        <cmp x="1774" y="1967" width="17" height="15" />
      </word>
      <word id="a01-058-07-07" tag="XNOT" text="not">
        <cmp x="1811" y="1952" width="215" height="109" />
      </word>
      <upper-contour>
        <point x="329" y="1895" />
        <point x="752" y="1960" />
        <point x="822" y="1953" />
        <point x="1739" y="1955" />
        <point x="1815" y="1934" />
        <point x="2027" y="1934" />
      </upper-contour>
      <lower-contour>
        <point x="348" y="2139" />
        <point x="650" y="2130" />
        <point x="964" y="2134" />
        <point x="1177" y="2077" />
        <point x="1913" y="2077" />
      </lower-contour>
    </line>
    <line ass="679" asx="0" asy="2133" character-width="999" dss="679" dsx="0" dsy="2311" fd0="-3040" fd1="-2522" fd2="-2009" filter-width="8" id="a01-058-08" lbs="804" lbx="0" lby="2254" segmentation="ok" slant="50000" stroke-width="11916" threshold="152" text="mention personal talks with Dr." ubs="429" ubx="0" uby="2195">
      <word id="a01-058-08-00" tag="VB" text="mention">
        <cmp x="350" y="2168" width="182" height="82" />
        <cmp x="526" y="2145" width="94" height="115" />
        <cmp x="579" y="2190" width="45" height="60" />
        <cmp x="603" y="2187" width="99" height="67" />
        <cmp x="650" y="2134" width="14" height="23" />
      </word>
      <word id="a01-058-08-01" tag="JJ" text="personal">
        <cmp x="720" y="2179" width="101" height="124" />
        <cmp x="809" y="2181" width="95" height="59" />
        <cmp x="907" y="2183" width="146" height="64" />
        <cmp x="1044" y="2129" width="149" height="113" />
      </word>
      <word id="a01-058-08-02" tag="NNS" text="talks">
        <cmp x="1215" y="2142" width="92" height="103" />
        <cmp x="1267" y="2117" width="161" height="123" />
        <cmp x="1357" y="2123" width="97" height="124" />
      </word>
      <word id="a01-058-08-03" tag="IN" text="with">
        <cmp x="1529" y="2168" width="78" height="71" />
        <cmp x="1592" y="2179" width="52" height="59" />
        <cmp x="1626" y="2117" width="136" height="133" />
        <cmp x="1657" y="2134" width="13" height="20" />
      </word>
      <word id="a01-058-08-04" tag="NPT" text="Dr.">
        <cmp x="1769" y="2143" width="135" height="96" />
        <cmp x="1900" y="2213" width="12" height="18" />
      </word>
      <upper-contour>
        <point x="348" y="2139" />
        <point x="650" y="2130" />
        <point x="964" y="2134" />
        <point x="1177" y="2077" />
        <point x="1913" y="2077" />
      </upper-contour>
      <lower-contour>
        <point x="348" y="2303" />
        <point x="1012" y="2252" />
        <point x="1913" y="2252" />
      </lower-contour>
    </line>
    <line ass="295" asx="0" asy="2305" character-width="999" dss="295" dsx="0" dsy="2466" fd0="-2769" fd1="-5128" fd2="-2935" filter-width="8" id="a01-058-09" lbs="408" lbx="0" lby="2428" segmentation="ok" slant="51000" stroke-width="12137" threshold="152" text="Adenauer, the West German Chancellor." ubs="70" ubx="0" uby="2377">
      <word id="a01-058-09-00" tag="NP" text="Adenauer">
        <cmp x="342" y="2333" width="81" height="98" />
        <cmp x="415" y="2311" width="156" height="113" />
        <cmp x="584" y="2368" width="190" height="56" />
      </word>
      <word id="a01-058-09-01" tag="," text=",">
        <cmp x="773" y="2400" width="51" height="64" />
      </word>
      <word id="a01-058-09-02" tag="ATI" text="the">
        <cmp x="887" y="2301" width="145" height="127" />
      </word>
      <word id="a01-058-09-03" tag="NP" text="West">
        <cmp x="1086" y="2312" width="120" height="107" />
        <cmp x="1145" y="2313" width="171" height="104" />
      </word>
      <word id="a01-058-09-04" tag="JNP" text="German">
        <cmp x="1341" y="2314" width="146" height="146" />
        <cmp x="1480" y="2353" width="173" height="75" />
      </word>
      <word id="a01-058-09-05" tag="NPT" text="Chancellor">
        <cmp x="1716" y="2301" width="223" height="132" />
        <cmp x="1937" y="2366" width="102" height="60" />
        <cmp x="2042" y="2306" width="91" height="109" />
        <cmp x="2079" y="2302" width="107" height="115" />
        <cmp x="2111" y="2366" width="98" height="54" />
      </word>
      <word id="a01-058-09-06" tag="." text=".">
        <cmp x="2198" y="2401" width="14" height="23" />
      </word>
      <upper-contour>
        <point x="348" y="2303" />
        <point x="1012" y="2252" />
        <point x="1913" y="2252" />
      </upper-contour>
    </line>
  </handwritten-part>
</form>

