<?xml version="1.0" encoding="ISO-8859-1"?>

<!DOCTYPE form SYSTEM 'http://www.iam.unibe.ch/~fki/iamdb/form-metadata.dtd'>

<form created="2002-01-14" height="3542" id="a01-043x" last-modified="2002-07-17" skew="-63" status="final" version="3.0_beta" width="2479" writer-id="011">
  <machine-printed-part>
    <machine-print-line text="Informal talks at Lancaster House will resume today. PRESIDENT KENNEDY today" />
    <machine-print-line text="defended the appointment of a Negro as his Housing Minister. It has aroused strong" />
    <machine-print-line text="opposition from the anti-Negro senators of the Deep South. The negro is Mr. Robert" />
    <machine-print-line text="Weaver of New York. One of his tasks will be to see there is no racial discrimination" />
    <machine-print-line text="in Government and State housing projects." />
  </machine-printed-part>
  <handwritten-part>
    <line ass="342" asx="0" asy="819" character-width="999" dss="342" dsx="0" dsy="984" fd0="12720" fd1="2608" fd2="-701" filter-width="3" id="a01-043x-00" lbs="283" lbx="0" lby="967" segmentation="ok" slant="85000" stroke-width="4630" threshold="181" text="Informal talks at Lancaster House will resume" ubs="458" ubx="0" uby="939">
      <word id="a01-043x-00-00" sentence-start="yes" tag="JJ" text="Informal">
        <cmp x="400" y="839" width="8" height="113" />
        <cmp x="408" y="923" width="22" height="22" />
        <cmp x="449" y="855" width="62" height="121" />
        <cmp x="482" y="818" width="11" height="36" />
        <cmp x="488" y="958" width="7" height="4" />
        <cmp x="515" y="932" width="25" height="31" />
        <cmp x="549" y="935" width="62" height="40" />
        <cmp x="624" y="857" width="23" height="117" />
      </word>
      <word id="a01-043x-00-01" tag="NNS" text="talks">
        <cmp x="747" y="934" width="6" height="10" />
        <cmp x="752" y="844" width="68" height="122" />
        <cmp x="833" y="851" width="30" height="122" />
        <cmp x="863" y="901" width="3" height="7" />
        <cmp x="866" y="892" width="3" height="6" />
        <cmp x="868" y="861" width="21" height="98" />
        <cmp x="896" y="918" width="25" height="53" />
      </word>
      <word id="a01-043x-00-02" tag="IN" text="at">
        <cmp x="985" y="933" width="30" height="39" />
        <cmp x="1033" y="853" width="22" height="122" />
      </word>
      <word id="a01-043x-00-03" tag="NP" text="Lancaster">
        <cmp x="1146" y="855" width="51" height="106" />
        <cmp x="1202" y="932" width="53" height="35" />
        <cmp x="1264" y="933" width="26" height="37" />
        <cmp x="1297" y="937" width="20" height="29" />
        <cmp x="1324" y="937" width="22" height="39" />
        <cmp x="1350" y="870" width="50" height="106" />
      </word>
      <word id="a01-043x-00-04" tag="NPL" text="House">
        <cmp x="1464" y="843" width="28" height="111" />
        <cmp x="1492" y="857" width="15" height="95" />
        <cmp x="1503" y="916" width="29" height="38" />
        <cmp x="1539" y="919" width="27" height="24" />
        <cmp x="1582" y="914" width="37" height="47" />
      </word>
      <word id="a01-043x-00-05" tag="MD" text="will">
        <cmp x="1697" y="918" width="41" height="42" />
        <cmp x="1746" y="928" width="5" height="31" />
        <cmp x="1757" y="878" width="5" height="25" />
        <cmp x="1762" y="871" width="25" height="88" />
        <cmp x="1786" y="917" width="4" height="15" />
        <cmp x="1787" y="854" width="27" height="104" />
      </word>
      <word id="a01-043x-00-06" tag="VB" text="resume">
        <cmp x="1869" y="915" width="17" height="41" />
        <cmp x="1888" y="918" width="23" height="36" />
        <cmp x="1922" y="917" width="21" height="46" />
        <cmp x="1949" y="928" width="31" height="33" />
        <cmp x="2001" y="926" width="63" height="40" />
      </word>
      <lower-contour>
        <point x="398" y="976" />
        <point x="1978" y="976" />
      </lower-contour>
    </line>
    <line ass="111" asx="0" asy="1016" character-width="999" dss="111" dsx="0" dsy="1224" fd0="12382" fd1="2523" fd2="-991" filter-width="3" id="a01-043x-01" lbs="95" lbx="0" lby="1142" segmentation="ok" slant="87000" stroke-width="4761" threshold="177" text="today. PRESIDENT KENNEDY today defended" ubs="141" ubx="0" uby="1072">
      <word id="a01-043x-01-00" tag="NR" text="today">
        <cmp x="394" y="1030" width="29" height="113" />
        <cmp x="427" y="1096" width="36" height="34" />
        <cmp x="469" y="1017" width="29" height="112" />
        <cmp x="507" y="1091" width="19" height="37" />
        <cmp x="517" y="1095" width="50" height="128" />
      </word>
      <word id="a01-043x-01-01" tag="." text=".">
        <cmp x="580" y="1138" width="6" height="7" />
      </word>
      <word id="a01-043x-01-02" sentence-start="yes" tag="NPT" text="PRESIDENT">
        <cmp x="679" y="1030" width="36" height="118" />
        <cmp x="729" y="1038" width="34" height="105" />
        <cmp x="779" y="1056" width="40" height="95" />
        <cmp x="831" y="1072" width="32" height="75" />
        <cmp x="875" y="1072" width="7" height="73" />
        <cmp x="908" y="1062" width="42" height="94" />
        <cmp x="970" y="1063" width="40" height="91" />
        <cmp x="1024" y="1067" width="11" height="62" />
        <cmp x="1034" y="1073" width="29" height="62" />
        <cmp x="1067" y="1078" width="44" height="65" />
      </word>
      <word id="a01-043x-01-03" tag="NP" text="KENNEDY">
        <cmp x="1174" y="1048" width="15" height="98" />
        <cmp x="1183" y="1066" width="26" height="84" />
        <cmp x="1227" y="1056" width="41" height="93" />
        <cmp x="1238" y="1091" width="17" height="21" />
        <cmp x="1281" y="1065" width="50" height="77" />
        <cmp x="1343" y="1065" width="40" height="68" />
        <cmp x="1403" y="1045" width="43" height="91" />
        <cmp x="1460" y="1057" width="36" height="82" />
        <cmp x="1496" y="1068" width="46" height="102" />
      </word>
      <word id="a01-043x-01-04" tag="NR" text="today">
        <cmp x="1593" y="1037" width="33" height="100" />
        <cmp x="1619" y="1108" width="28" height="29" />
        <cmp x="1646" y="1023" width="46" height="113" />
        <cmp x="1691" y="1104" width="21" height="29" />
        <cmp x="1708" y="1106" width="46" height="79" />
      </word>
      <word id="a01-043x-01-05" tag="VBD" text="defended">
        <cmp x="1801" y="1046" width="55" height="99" />
        <cmp x="1864" y="1047" width="64" height="114" />
        <cmp x="1932" y="1041" width="45" height="104" />
      </word>
      <upper-contour>
        <point x="398" y="976" />
        <point x="1978" y="976" />
      </upper-contour>
      <lower-contour>
        <point x="392" y="1143" />
        <point x="517" y="1223" />
        <point x="856" y="1185" />
        <point x="1978" y="1185" />
      </lower-contour>
    </line>
    <line ass="540" asx="0" asy="1206" character-width="999" dss="540" dsx="0" dsy="1388" fd0="12504" fd1="2557" fd2="-753" filter-width="3" id="a01-043x-02" lbs="721" lbx="0" lby="1330" segmentation="ok" slant="90000" stroke-width="4673" threshold="178" text="the appointment of a Negro as his Housing Minister." ubs="178" ubx="0" uby="1275">
      <word id="a01-043x-02-00" tag="ATI" text="the">
        <cmp x="369" y="1203" width="31" height="105" />
        <cmp x="409" y="1207" width="46" height="97" />
      </word>
      <word id="a01-043x-02-01" tag="NN" text="appointment">
        <cmp x="531" y="1266" width="26" height="36" />
        <cmp x="575" y="1259" width="33" height="117" />
        <cmp x="614" y="1262" width="37" height="120" />
        <cmp x="650" y="1283" width="38" height="41" />
        <cmp x="691" y="1245" width="26" height="74" />
        <cmp x="716" y="1232" width="32" height="90" />
        <cmp x="754" y="1212" width="114" height="111" />
      </word>
      <word id="a01-043x-02-02" tag="INO" text="of">
        <cmp x="935" y="1206" width="79" height="135" />
      </word>
      <word id="a01-043x-02-03" tag="AT" text="a">
        <cmp x="1042" y="1276" width="34" height="42" />
      </word>
      <word id="a01-043x-02-04" tag="NN" text="Negro">
        <cmp x="1157" y="1212" width="46" height="104" />
        <cmp x="1200" y="1270" width="49" height="107" />
        <cmp x="1255" y="1266" width="25" height="49" />
        <cmp x="1280" y="1281" width="24" height="36" />
      </word>
      <word id="a01-043x-02-05" tag="IN" text="as">
        <cmp x="1373" y="1269" width="32" height="37" />
        <cmp x="1413" y="1270" width="21" height="54" />
      </word>
      <word id="a01-043x-02-06" tag="PP$" text="his">
        <cmp x="1492" y="1214" width="29" height="112" />
        <cmp x="1535" y="1281" width="6" height="21" />
        <cmp x="1545" y="1233" width="3" height="10" />
        <cmp x="1551" y="1268" width="25" height="48" />
      </word>
      <word id="a01-043x-02-07" tag="NN" text="Housing">
        <cmp x="1641" y="1213" width="13" height="108" />
        <cmp x="1648" y="1216" width="26" height="96" />
        <cmp x="1680" y="1270" width="17" height="41" />
        <cmp x="1708" y="1275" width="22" height="26" />
        <cmp x="1736" y="1275" width="14" height="29" />
        <cmp x="1757" y="1267" width="5" height="27" />
        <cmp x="1766" y="1222" width="44" height="148" />
      </word>
      <word id="a01-043x-02-08" tag="NPT" text="Minister">
        <cmp x="1853" y="1218" width="7" height="89" />
        <cmp x="1861" y="1212" width="39" height="97" />
        <cmp x="1906" y="1280" width="5" height="22" />
        <cmp x="1912" y="1225" width="24" height="78" />
        <cmp x="1939" y="1225" width="19" height="22" />
        <cmp x="1950" y="1278" width="4" height="15" />
        <cmp x="1959" y="1266" width="22" height="51" />
        <cmp x="1986" y="1196" width="17" height="112" />
        <cmp x="1991" y="1257" width="49" height="40" />
      </word>
      <word id="a01-043x-02-09" tag="." text=".">
        <cmp x="2061" y="1298" width="6" height="13" />
      </word>
      <upper-contour>
        <point x="392" y="1143" />
        <point x="517" y="1223" />
        <point x="856" y="1185" />
        <point x="1978" y="1185" />
      </upper-contour>
      <lower-contour>
        <point x="367" y="1376" />
        <point x="614" y="1382" />
        <point x="1401" y="1370" />
        <point x="1978" y="1370" />
      </lower-contour>
    </line>
    <line ass="-207" asx="0" asy="1372" character-width="999" dss="-207" dsx="0" dsy="1532" fd0="12610" fd1="2307" fd2="-1288" filter-width="3" id="a01-043x-03" lbs="-172" lbx="0" lby="1487" segmentation="ok" slant="87000" stroke-width="4803" threshold="171" text="It has aroused strong opposition from the anti-Negro" ubs="-278" ubx="0" uby="1446">
      <word id="a01-043x-03-00" sentence-start="yes" tag="PP3" text="It">
        <cmp x="366" y="1379" width="5" height="112" />
        <cmp x="385" y="1382" width="14" height="90" />
      </word>
      <word id="a01-043x-03-01" tag="HVZ" text="has">
        <cmp x="490" y="1379" width="33" height="105" />
        <cmp x="527" y="1448" width="19" height="30" />
        <cmp x="553" y="1446" width="20" height="46" />
      </word>
      <word id="a01-043x-03-02" tag="VBN" text="aroused">
        <cmp x="629" y="1450" width="58" height="38" />
        <cmp x="687" y="1458" width="20" height="30" />
        <cmp x="715" y="1457" width="27" height="26" />
        <cmp x="747" y="1386" width="76" height="104" />
      </word>
      <word id="a01-043x-03-03" tag="JJ" text="strong">
        <cmp x="877" y="1445" width="21" height="48" />
        <cmp x="908" y="1386" width="23" height="98" />
        <cmp x="931" y="1446" width="24" height="36" />
        <cmp x="946" y="1453" width="65" height="82" />
      </word>
      <word id="a01-043x-03-04" tag="NN" text="opposition">
        <cmp x="1076" y="1449" width="35" height="44" />
        <cmp x="1113" y="1443" width="39" height="94" />
        <cmp x="1152" y="1443" width="51" height="93" />
        <cmp x="1205" y="1452" width="16" height="41" />
        <cmp x="1221" y="1449" width="21" height="35" />
        <cmp x="1250" y="1383" width="29" height="104" />
        <cmp x="1276" y="1392" width="14" height="23" />
        <cmp x="1282" y="1439" width="17" height="41" />
        <cmp x="1303" y="1450" width="22" height="25" />
      </word>
      <word id="a01-043x-03-05" tag="IN" text="from">
        <cmp x="1377" y="1382" width="54" height="136" />
        <cmp x="1419" y="1458" width="23" height="33" />
        <cmp x="1446" y="1456" width="41" height="35" />
      </word>
      <word id="a01-043x-03-06" tag="ATI" text="the">
        <cmp x="1527" y="1380" width="67" height="109" />
      </word>
      <word id="a01-043x-03-07" tag="JNP" text="anti-Negro">
        <cmp x="1646" y="1449" width="72" height="45" />
        <cmp x="1735" y="1379" width="29" height="112" />
        <cmp x="1739" y="1406" width="3" height="7" />
        <cmp x="1762" y="1394" width="10" height="18" />
        <cmp x="1787" y="1463" width="35" height="6" />
        <cmp x="1841" y="1383" width="40" height="95" />
        <cmp x="1882" y="1439" width="16" height="31" />
        <cmp x="1891" y="1440" width="31" height="89" />
        <cmp x="1927" y="1436" width="24" height="44" />
        <cmp x="1948" y="1450" width="29" height="35" />
      </word>
      <upper-contour>
        <point x="367" y="1376" />
        <point x="614" y="1382" />
        <point x="1401" y="1370" />
        <point x="1978" y="1370" />
      </upper-contour>
      <lower-contour>
        <point x="397" y="1537" />
        <point x="1978" y="1537" />
      </lower-contour>
    </line>
    <line ass="773" asx="0" asy="1569" character-width="999" dss="773" dsx="0" dsy="1748" fd0="12621" fd1="2575" fd2="-832" filter-width="3" id="a01-043x-04" lbs="720" lbx="0" lby="1685" segmentation="ok" slant="87000" stroke-width="4619" threshold="168" text="senators of the Deep South. The negro is Mr." ubs="877" ubx="0" uby="1654">
      <word id="a01-043x-04-00" tag="NNS" text="senators">
        <cmp x="399" y="1630" width="21" height="52" />
        <cmp x="420" y="1637" width="58" height="37" />
        <cmp x="483" y="1653" width="19" height="25" />
        <cmp x="516" y="1581" width="37" height="101" />
        <cmp x="557" y="1641" width="18" height="28" />
        <cmp x="574" y="1637" width="26" height="42" />
      </word>
      <word id="a01-043x-04-01" tag="INO" text="of">
        <cmp x="705" y="1634" width="28" height="48" />
        <cmp x="736" y="1574" width="44" height="141" />
      </word>
      <word id="a01-043x-04-02" tag="ATI" text="the">
        <cmp x="869" y="1561" width="16" height="141" />
        <cmp x="889" y="1580" width="42" height="110" />
      </word>
      <word id="a01-043x-04-03" tag="JJ" text="Deep">
        <cmp x="1037" y="1557" width="49" height="122" />
        <cmp x="1098" y="1637" width="22" height="31" />
        <cmp x="1123" y="1622" width="33" height="111" />
      </word>
      <word id="a01-043x-04-04" tag="NR" text="South">
        <cmp x="1232" y="1576" width="35" height="112" />
        <cmp x="1270" y="1645" width="30" height="37" />
        <cmp x="1309" y="1650" width="29" height="29" />
        <cmp x="1349" y="1561" width="47" height="111" />
      </word>
      <word id="a01-043x-04-05" tag="." text=".">
        <cmp x="1420" y="1662" width="8" height="12" />
      </word>
      <word id="a01-043x-04-06" sentence-start="yes" tag="ATI" text="The">
        <cmp x="1481" y="1564" width="49" height="96" />
        <cmp x="1526" y="1563" width="40" height="87" />
      </word>
      <word id="a01-043x-04-07" tag="NN" text="negro">
        <cmp x="1609" y="1617" width="57" height="41" />
        <cmp x="1666" y="1623" width="28" height="91" />
        <cmp x="1704" y="1628" width="24" height="40" />
        <cmp x="1721" y="1632" width="25" height="37" />
      </word>
      <word id="a01-043x-04-08" tag="BEZ" text="is">
        <cmp x="1810" y="1631" width="6" height="35" />
        <cmp x="1813" y="1594" width="13" height="9" />
        <cmp x="1825" y="1634" width="21" height="45" />
      </word>
      <word id="a01-043x-04-09" tag="NPT" text="Mr.">
        <cmp x="1926" y="1557" width="57" height="108" />
        <cmp x="1990" y="1620" width="19" height="33" />
        <cmp x="2015" y="1641" width="9" height="12" />
      </word>
      <upper-contour>
        <point x="397" y="1537" />
        <point x="1978" y="1537" />
      </upper-contour>
      <lower-contour>
        <point x="417" y="1715" />
        <point x="1123" y="1733" />
        <point x="1991" y="1733" />
      </lower-contour>
    </line>
    <line ass="-53" asx="0" asy="1725" character-width="999" dss="-53" dsx="0" dsy="1888" fd0="13029" fd1="2648" fd2="-456" filter-width="3" id="a01-043x-05" lbs="8" lbx="0" lby="1846" segmentation="ok" slant="87000" stroke-width="4783" threshold="170" text="Robert Weaver of New York. One of his tasks" ubs="-176" ubx="0" uby="1808">
      <word id="a01-043x-05-00" tag="NP" text="Robert">
        <cmp x="419" y="1741" width="35" height="115" />
        <cmp x="457" y="1816" width="30" height="40" />
        <cmp x="496" y="1746" width="30" height="113" />
        <cmp x="527" y="1726" width="95" height="125" />
      </word>
      <word id="a01-043x-05-01" tag="NP" text="Weaver">
        <cmp x="720" y="1754" width="76" height="80" />
        <cmp x="790" y="1809" width="26" height="42" />
        <cmp x="818" y="1810" width="25" height="34" />
        <cmp x="855" y="1810" width="29" height="39" />
        <cmp x="887" y="1808" width="38" height="35" />
      </word>
      <word id="a01-043x-05-02" tag="INO" text="of">
        <cmp x="990" y="1813" width="20" height="32" />
        <cmp x="1020" y="1751" width="40" height="120" />
      </word>
      <word id="a01-043x-05-03" tag="NP" text="New">
        <cmp x="1084" y="1761" width="16" height="87" />
        <cmp x="1100" y="1779" width="29" height="55" />
        <cmp x="1128" y="1806" width="62" height="44" />
      </word>
      <word id="a01-043x-05-04" tag="NP" text="York">
        <cmp x="1259" y="1747" width="51" height="113" />
        <cmp x="1288" y="1744" width="83" height="103" />
      </word>
      <word id="a01-043x-05-05" tag="." text=".">
        <cmp x="1389" y="1831" width="11" height="14" />
      </word>
      <word id="a01-043x-05-06" sentence-start="yes" tag="CD1" text="One">
        <cmp x="1447" y="1761" width="56" height="88" />
        <cmp x="1500" y="1814" width="45" height="30" />
      </word>
      <word id="a01-043x-05-07" tag="INO" text="of">
        <cmp x="1594" y="1817" width="26" height="33" />
        <cmp x="1629" y="1756" width="51" height="135" />
      </word>
      <word id="a01-043x-05-08" tag="PP$" text="his">
        <cmp x="1709" y="1756" width="35" height="96" />
        <cmp x="1755" y="1829" width="4" height="14" />
        <cmp x="1767" y="1812" width="27" height="43" />
        <cmp x="1770" y="1765" width="6" height="27" />
      </word>
      <word id="a01-043x-05-09" tag="NNS" text="tasks">
        <cmp x="1857" y="1750" width="32" height="111" />
        <cmp x="1891" y="1817" width="21" height="22" />
        <cmp x="1920" y="1814" width="14" height="38" />
        <cmp x="1935" y="1764" width="55" height="91" />
      </word>
      <upper-contour>
        <point x="417" y="1715" />
        <point x="1123" y="1733" />
        <point x="1991" y="1733" />
      </upper-contour>
      <lower-contour>
        <point x="440" y="1891" />
        <point x="1899" y="1891" />
      </lower-contour>
    </line>
    <line ass="727" asx="0" asy="1923" character-width="999" dss="727" dsx="0" dsy="2050" fd0="13495" fd1="2672" fd2="-537" filter-width="3" id="a01-043x-06" lbs="881" lbx="0" lby="2040" segmentation="ok" slant="79000" stroke-width="4942" threshold="175" text="will be to see there is no racial discrimination" ubs="419" ubx="0" uby="2004">
      <word id="a01-043x-06-00" tag="MD" text="will">
        <cmp x="442" y="1989" width="50" height="43" />
        <cmp x="494" y="2007" width="7" height="27" />
        <cmp x="512" y="1917" width="50" height="109" />
      </word>
      <word id="a01-043x-06-01" tag="BE" text="be">
        <cmp x="601" y="1930" width="56" height="106" />
      </word>
      <word id="a01-043x-06-02" tag="TO" text="to">
        <cmp x="730" y="1931" width="39" height="101" />
        <cmp x="758" y="2000" width="33" height="33" />
      </word>
      <word id="a01-043x-06-03" tag="VB" text="see">
        <cmp x="832" y="1992" width="29" height="48" />
        <cmp x="856" y="1992" width="60" height="38" />
      </word>
      <word id="a01-043x-06-04" tag="EX" text="there">
        <cmp x="978" y="1928" width="34" height="95" />
        <cmp x="1016" y="1928" width="65" height="90" />
        <cmp x="1083" y="1994" width="21" height="30" />
      </word>
      <word id="a01-043x-06-05" tag="BEZ" text="is">
        <cmp x="1142" y="1994" width="9" height="27" />
        <cmp x="1157" y="1956" width="9" height="14" />
        <cmp x="1169" y="1993" width="20" height="34" />
      </word>
      <word id="a01-043x-06-06" tag="ATI" text="no">
        <cmp x="1257" y="1984" width="28" height="49" />
        <cmp x="1291" y="1994" width="29" height="38" />
      </word>
      <word id="a01-043x-06-07" tag="JJ" text="racial">
        <cmp x="1344" y="1994" width="29" height="36" />
        <cmp x="1374" y="1995" width="20" height="25" />
        <cmp x="1396" y="1997" width="21" height="26" />
        <cmp x="1424" y="2002" width="9" height="23" />
        <cmp x="1438" y="1961" width="8" height="16" />
        <cmp x="1444" y="1936" width="59" height="92" />
      </word>
      <word id="a01-043x-06-08" tag="NN" text="discrimination">
        <cmp x="1548" y="1923" width="56" height="103" />
        <cmp x="1600" y="1996" width="11" height="26" />
        <cmp x="1613" y="1945" width="7" height="17" />
        <cmp x="1624" y="1985" width="21" height="40" />
        <cmp x="1647" y="1985" width="23" height="41" />
        <cmp x="1671" y="1994" width="21" height="29" />
        <cmp x="1693" y="2002" width="11" height="19" />
        <cmp x="1707" y="1997" width="36" height="23" />
        <cmp x="1718" y="1950" width="7" height="24" />
        <cmp x="1749" y="1999" width="7" height="17" />
        <cmp x="1756" y="1963" width="55" height="50" />
        <cmp x="1770" y="1950" width="4" height="11" />
        <cmp x="1812" y="1994" width="3" height="5" />
        <cmp x="1813" y="1923" width="43" height="92" />
        <cmp x="1817" y="1987" width="3" height="5" />
        <cmp x="1846" y="1979" width="25" height="48" />
        <cmp x="1862" y="1937" width="6" height="10" />
        <cmp x="1872" y="1989" width="26" height="24" />
      </word>
      <upper-contour>
        <point x="440" y="1891" />
        <point x="1899" y="1891" />
      </upper-contour>
      <lower-contour>
        <point x="440" y="2040" />
        <point x="1745" y="2040" />
      </lower-contour>
    </line>
    <line ass="-112" asx="0" asy="2095" character-width="999" dss="-112" dsx="0" dsy="2265" fd0="13601" fd1="3065" fd2="-391" filter-width="3" id="a01-043x-07" lbs="-11" lbx="0" lby="2205" segmentation="ok" slant="77000" stroke-width="4855" threshold="171" text="in Government and State housing projects." ubs="-313" ubx="0" uby="2170">
      <word id="a01-043x-07-00" tag="IN" text="in">
        <cmp x="435" y="2175" width="8" height="33" />
        <cmp x="445" y="2118" width="9" height="17" />
        <cmp x="451" y="2159" width="25" height="48" />
      </word>
      <word id="a01-043x-07-01" tag="NN" text="Government">
        <cmp x="592" y="2117" width="26" height="91" />
        <cmp x="626" y="2172" width="16" height="36" />
        <cmp x="650" y="2174" width="49" height="25" />
        <cmp x="705" y="2175" width="33" height="30" />
        <cmp x="745" y="2097" width="114" height="113" />
      </word>
      <word id="a01-043x-07-02" tag="CC" text="and">
        <cmp x="935" y="2171" width="30" height="35" />
        <cmp x="967" y="2114" width="69" height="89" />
      </word>
      <word id="a01-043x-07-03" tag="NN" text="State">
        <cmp x="1094" y="2105" width="71" height="112" />
        <cmp x="1145" y="2183" width="22" height="27" />
        <cmp x="1181" y="2105" width="31" height="96" />
      </word>
      <word id="a01-043x-07-04" tag="NN" text="housing">
        <cmp x="1272" y="2109" width="59" height="100" />
        <cmp x="1333" y="2194" width="3" height="3" />
        <cmp x="1337" y="2180" width="26" height="24" />
        <cmp x="1370" y="2177" width="19" height="34" />
        <cmp x="1390" y="2166" width="11" height="29" />
        <cmp x="1392" y="2179" width="37" height="88" />
      </word>
      <word id="a01-043x-07-05" tag="NNS" text="projects">
        <cmp x="1493" y="2161" width="45" height="92" />
        <cmp x="1538" y="2178" width="22" height="30" />
        <cmp x="1555" y="2180" width="21" height="32" />
        <cmp x="1573" y="2197" width="23" height="58" />
        <cmp x="1592" y="2183" width="4" height="13" />
        <cmp x="1606" y="2120" width="6" height="18" />
        <cmp x="1610" y="2170" width="52" height="35" />
        <cmp x="1651" y="2164" width="11" height="7" />
        <cmp x="1660" y="2106" width="41" height="99" />
        <cmp x="1688" y="2160" width="27" height="46" />
      </word>
      <word id="a01-043x-07-06" tag="." text=".">
        <cmp x="1737" y="2204" width="8" height="5" />
      </word>
      <upper-contour>
        <point x="440" y="2040" />
        <point x="1745" y="2040" />
      </upper-contour>
    </line>
  </handwritten-part>
</form>

